2026-07-18T00:08:33.0697875-04:00 purpose=official_ordering_ladder available_gib=15.64 free_physical_gib=15.663 cargo_processes=0
    Finished `release` profile [optimized] target(s) in 0.06s
     Running unittests rust\src\lib.rs (.target-codex\x86_64-pc-windows-msvc\release\deps\hexfield_eq-de26e3778420c4c2.exe)

running 1 test
test tss_corpus::tss_corpus_check ... CORPUS_MODE shared_fragments=off lazy_frontier=on interior_gate=on k_reply_consume=off cap_resume=off live_ge3_seed=off closure_counters=off ordering_study=on threshold_counters=off threshold_delta=off tt_bytes_cap=1073741824
CORPUS id=0hz3hty cap=10000 status=WIN expect=WIN nodes=2412 expansions=2411 tt_entries=2402 tt_hits=3 tt_bytes_cap=1073741824 peak_tt_bytes=284940 stage_refreshes=19 gate_evals=0 gate_dismissals=0 gate_us=0.000 seed_scans=0 seed_ms=0.000 ms=142.9
ORDERING_SUMMARY label=0hz3hty@10000 scope=all_choice band=all order=baseline nodes=76 rank1=66 median=1 mean=3.657895 cdf1=66 cdf2=66 cdf4=67 cdf8=67 cdf16=69 hist=[66, 0, 0, 1, 0, 2, 6, 1] children_median=39 children_mean=28.289474
ORDERING_SUMMARY label=0hz3hty@10000 scope=all_choice band=all order=zone_bound nodes=76 rank1=66 median=1 mean=3.921053 cdf1=66 cdf2=66 cdf4=67 cdf8=67 cdf16=69 hist=[66, 0, 1, 0, 0, 2, 6, 1] children_median=39 children_mean=28.289474
ORDERING_SUMMARY label=0hz3hty@10000 scope=all_choice band=all order=census_distance nodes=76 rank1=66 median=1 mean=3.657895 cdf1=66 cdf2=66 cdf4=67 cdf8=67 cdf16=69 hist=[66, 0, 0, 1, 0, 2, 6, 1] children_median=39 children_mean=28.289474
ORDERING_SUMMARY label=0hz3hty@10000 scope=all_choice band=all order=gate_adjacency nodes=76 rank1=64 median=1 mean=3.684211 cdf1=64 cdf2=66 cdf4=67 cdf8=67 cdf16=69 hist=[64, 2, 0, 1, 0, 2, 6, 1] children_median=39 children_mean=28.289474
ORDERING_SUMMARY label=0hz3hty@10000 scope=all_choice band=all order=d_stone nodes=76 rank1=66 median=1 mean=3.486842 cdf1=66 cdf2=66 cdf4=67 cdf8=67 cdf16=69 hist=[66, 0, 0, 1, 0, 2, 6, 1] children_median=39 children_mean=28.289474
ORDERING_SUMMARY label=0hz3hty@10000 scope=all_choice band=all order=census_zone_composite nodes=76 rank1=66 median=1 mean=3.723684 cdf1=66 cdf2=66 cdf4=67 cdf8=67 cdf16=69 hist=[66, 0, 1, 0, 0, 2, 6, 1] children_median=39 children_mean=28.289474
ORDERING_SUMMARY label=0hz3hty@10000 scope=all_choice band=all order=zone_gate_composite nodes=76 rank1=66 median=1 mean=3.723684 cdf1=66 cdf2=66 cdf4=67 cdf8=67 cdf16=69 hist=[66, 0, 1, 0, 0, 2, 6, 1] children_median=39 children_mean=28.289474
ORDERING_SUMMARY label=0hz3hty@10000 scope=pair band=all order=baseline nodes=76 rank1=66 median=1 mean=3.657895 cdf1=66 cdf2=66 cdf4=67 cdf8=67 cdf16=69 hist=[66, 0, 0, 1, 0, 2, 6, 1] children_median=39 children_mean=28.289474
ORDERING_SUMMARY label=0hz3hty@10000 scope=pair band=all order=zone_bound nodes=76 rank1=66 median=1 mean=3.921053 cdf1=66 cdf2=66 cdf4=67 cdf8=67 cdf16=69 hist=[66, 0, 1, 0, 0, 2, 6, 1] children_median=39 children_mean=28.289474
ORDERING_SUMMARY label=0hz3hty@10000 scope=pair band=all order=census_distance nodes=76 rank1=66 median=1 mean=3.657895 cdf1=66 cdf2=66 cdf4=67 cdf8=67 cdf16=69 hist=[66, 0, 0, 1, 0, 2, 6, 1] children_median=39 children_mean=28.289474
ORDERING_SUMMARY label=0hz3hty@10000 scope=pair band=all order=gate_adjacency nodes=76 rank1=64 median=1 mean=3.684211 cdf1=64 cdf2=66 cdf4=67 cdf8=67 cdf16=69 hist=[64, 2, 0, 1, 0, 2, 6, 1] children_median=39 children_mean=28.289474
ORDERING_SUMMARY label=0hz3hty@10000 scope=pair band=all order=d_stone nodes=76 rank1=66 median=1 mean=3.486842 cdf1=66 cdf2=66 cdf4=67 cdf8=67 cdf16=69 hist=[66, 0, 0, 1, 0, 2, 6, 1] children_median=39 children_mean=28.289474
ORDERING_SUMMARY label=0hz3hty@10000 scope=pair band=all order=census_zone_composite nodes=76 rank1=66 median=1 mean=3.723684 cdf1=66 cdf2=66 cdf4=67 cdf8=67 cdf16=69 hist=[66, 0, 1, 0, 0, 2, 6, 1] children_median=39 children_mean=28.289474
ORDERING_SUMMARY label=0hz3hty@10000 scope=pair band=all order=zone_gate_composite nodes=76 rank1=66 median=1 mean=3.723684 cdf1=66 cdf2=66 cdf4=67 cdf8=67 cdf16=69 hist=[66, 0, 1, 0, 0, 2, 6, 1] children_median=39 children_mean=28.289474
ORDERING_SUMMARY label=0hz3hty@10000 scope=pair band=0-7 order=baseline nodes=8 rank1=0 median=22 mean=24.750000 cdf1=0 cdf2=0 cdf4=0 cdf8=0 cdf16=1 hist=[0, 0, 0, 0, 0, 1, 6, 1] children_median=27 children_mean=28.875000
ORDERING_SUMMARY label=0hz3hty@10000 scope=pair band=0-7 order=zone_bound nodes=8 rank1=0 median=24 mean=26.625000 cdf1=0 cdf2=0 cdf4=0 cdf8=0 cdf16=1 hist=[0, 0, 0, 0, 0, 1, 6, 1] children_median=27 children_mean=28.875000
ORDERING_SUMMARY label=0hz3hty@10000 scope=pair band=0-7 order=census_distance nodes=8 rank1=0 median=22 mean=24.750000 cdf1=0 cdf2=0 cdf4=0 cdf8=0 cdf16=1 hist=[0, 0, 0, 0, 0, 1, 6, 1] children_median=27 children_mean=28.875000
ORDERING_SUMMARY label=0hz3hty@10000 scope=pair band=0-7 order=gate_adjacency nodes=8 rank1=0 median=22 mean=24.750000 cdf1=0 cdf2=0 cdf4=0 cdf8=0 cdf16=1 hist=[0, 0, 0, 0, 0, 1, 6, 1] children_median=27 children_mean=28.875000
ORDERING_SUMMARY label=0hz3hty@10000 scope=pair band=0-7 order=d_stone nodes=8 rank1=0 median=20 mean=23.125000 cdf1=0 cdf2=0 cdf4=0 cdf8=0 cdf16=1 hist=[0, 0, 0, 0, 0, 1, 6, 1] children_median=27 children_mean=28.875000
ORDERING_SUMMARY label=0hz3hty@10000 scope=pair band=0-7 order=census_zone_composite nodes=8 rank1=0 median=22 mean=24.750000 cdf1=0 cdf2=0 cdf4=0 cdf8=0 cdf16=1 hist=[0, 0, 0, 0, 0, 1, 6, 1] children_median=27 children_mean=28.875000
ORDERING_SUMMARY label=0hz3hty@10000 scope=pair band=0-7 order=zone_gate_composite nodes=8 rank1=0 median=22 mean=24.750000 cdf1=0 cdf2=0 cdf4=0 cdf8=0 cdf16=1 hist=[0, 0, 0, 0, 0, 1, 6, 1] children_median=27 children_mean=28.875000
ORDERING_SUMMARY label=0hz3hty@10000 scope=pair band=8-15 order=baseline nodes=68 rank1=66 median=1 mean=1.176471 cdf1=66 cdf2=66 cdf4=67 cdf8=67 cdf16=68 hist=[66, 0, 0, 1, 0, 1, 0, 0] children_median=39 children_mean=28.220588
ORDERING_SUMMARY label=0hz3hty@10000 scope=pair band=8-15 order=zone_bound nodes=68 rank1=66 median=1 mean=1.250000 cdf1=66 cdf2=66 cdf4=67 cdf8=67 cdf16=68 hist=[66, 0, 1, 0, 0, 1, 0, 0] children_median=39 children_mean=28.220588
ORDERING_SUMMARY label=0hz3hty@10000 scope=pair band=8-15 order=census_distance nodes=68 rank1=66 median=1 mean=1.176471 cdf1=66 cdf2=66 cdf4=67 cdf8=67 cdf16=68 hist=[66, 0, 0, 1, 0, 1, 0, 0] children_median=39 children_mean=28.220588
ORDERING_SUMMARY label=0hz3hty@10000 scope=pair band=8-15 order=gate_adjacency nodes=68 rank1=64 median=1 mean=1.205882 cdf1=64 cdf2=66 cdf4=67 cdf8=67 cdf16=68 hist=[64, 2, 0, 1, 0, 1, 0, 0] children_median=39 children_mean=28.220588
ORDERING_SUMMARY label=0hz3hty@10000 scope=pair band=8-15 order=d_stone nodes=68 rank1=66 median=1 mean=1.176471 cdf1=66 cdf2=66 cdf4=67 cdf8=67 cdf16=68 hist=[66, 0, 0, 1, 0, 1, 0, 0] children_median=39 children_mean=28.220588
ORDERING_SUMMARY label=0hz3hty@10000 scope=pair band=8-15 order=census_zone_composite nodes=68 rank1=66 median=1 mean=1.250000 cdf1=66 cdf2=66 cdf4=67 cdf8=67 cdf16=68 hist=[66, 0, 1, 0, 0, 1, 0, 0] children_median=39 children_mean=28.220588
ORDERING_SUMMARY label=0hz3hty@10000 scope=pair band=8-15 order=zone_gate_composite nodes=68 rank1=66 median=1 mean=1.250000 cdf1=66 cdf2=66 cdf4=67 cdf8=67 cdf16=68 hist=[66, 0, 1, 0, 0, 1, 0, 0] children_median=39 children_mean=28.220588
CLOSURE_ROW id=0hz3hty cap=10000 evaluated=0 accepted=0 retained=0 selected=0 linked=0 expanded=0 winning_choices=0 winning_rank_bins=[0, 0, 0, 0, 0, 0, 0, 0] reveal_evaluated=0 reveal_prefix=0 pair_ms=0.000 gate_ms=0.000 second_ms=0.000 eval_ms=0.000 dedup_ms=0.000 avoid_second_ms=0.000 avoid_eval_ms=0.000 avoid_dedup_ms=0.000
THRESHOLD_ROW id=0hz3hty cap=10000 visits=0 revisits=0 threshold_crosses=0 reselections=0 sibling_switches=0 residencies=0 residency_expansions=0 expansion_bins=[0, 0, 0, 0, 0, 0, 0, 0] descent_ms=0.000 state_ms=0.000
FRONTIER_CENSUS_ROW id=0hz3hty cap=10000 first_refusal=None choice_pre=[0, 0, 0, 0, 0, 0, 0, 0, 0, 0, 0, 0, 0] choice_post=[0, 0, 0, 0, 0, 0, 0, 0, 0, 0, 0, 0, 0] universal_pre=[0, 0, 0, 0, 0, 0, 0, 0, 0, 0, 0, 0, 0] universal_post=[0, 0, 0, 0, 0, 0, 0, 0, 0, 0, 0, 0, 0] unclassified_pre=0 unclassified_post=0 sentinel_inherited_hits=[0, 0] sentinel_inherited_clamps=[0, 0] sentinel_increment_hits=0 sentinel_increment_clamps=0 sentinel_sum_hits=[0, 0]
FRAGMENT_PROFILE id=0hz3hty cap=10000 lookups=0 hits=0 imports=0 store_entries=0 store_bytes=0
GEN_PROFILE pair_ms=57 defender_ms=41 regen_ms=9 expand_ms=100 refresh_ms=6 insert_ms=0
CORPUS id=0l4291i_live cap=10000 status=UNKNOWN expect=WIN nodes=10000 expansions=9999 tt_entries=9986 tt_hits=262 tt_bytes_cap=1073741824 peak_tt_bytes=2178996 stage_refreshes=27 gate_evals=0 gate_dismissals=0 gate_us=0.000 seed_scans=0 seed_ms=0.000 ms=1376.6
ORDERING_SUMMARY label=0l4291i_live@10000 scope=all_choice band=all order=baseline nodes=36 rank1=9 median=4 mean=4.000000 cdf1=9 cdf2=9 cdf4=33 cdf8=33 cdf16=36 hist=[9, 0, 0, 24, 0, 3, 0, 0] children_median=13 children_mean=16.166667
ORDERING_SUMMARY label=0l4291i_live@10000 scope=all_choice band=all order=zone_bound nodes=36 rank1=6 median=2 mean=2.416667 cdf1=6 cdf2=30 cdf4=30 cdf8=36 cdf16=36 hist=[6, 24, 0, 0, 6, 0, 0, 0] children_median=13 children_mean=16.166667
ORDERING_SUMMARY label=0l4291i_live@10000 scope=all_choice band=all order=census_distance nodes=36 rank1=3 median=5 mean=5.166667 cdf1=3 cdf2=3 cdf4=9 cdf8=33 cdf16=36 hist=[3, 0, 6, 0, 24, 3, 0, 0] children_median=13 children_mean=16.166667
ORDERING_SUMMARY label=0l4291i_live@10000 scope=all_choice band=all order=gate_adjacency nodes=36 rank1=9 median=4 mean=4.000000 cdf1=9 cdf2=9 cdf4=33 cdf8=33 cdf16=36 hist=[9, 0, 0, 24, 0, 3, 0, 0] children_median=13 children_mean=16.166667
ORDERING_SUMMARY label=0l4291i_live@10000 scope=all_choice band=all order=d_stone nodes=36 rank1=9 median=4 mean=3.916667 cdf1=9 cdf2=9 cdf4=33 cdf8=33 cdf16=36 hist=[9, 0, 0, 24, 0, 3, 0, 0] children_median=13 children_mean=16.166667
ORDERING_SUMMARY label=0l4291i_live@10000 scope=all_choice band=all order=census_zone_composite nodes=36 rank1=3 median=3 mean=3.250000 cdf1=3 cdf2=3 cdf4=33 cdf8=36 cdf16=36 hist=[3, 0, 30, 0, 3, 0, 0, 0] children_median=13 children_mean=16.166667
ORDERING_SUMMARY label=0l4291i_live@10000 scope=all_choice band=all order=zone_gate_composite nodes=36 rank1=0 median=3 mean=3.583333 cdf1=0 cdf2=0 cdf4=30 cdf8=36 cdf16=36 hist=[0, 0, 30, 0, 6, 0, 0, 0] children_median=13 children_mean=16.166667
ORDERING_SUMMARY label=0l4291i_live@10000 scope=pair band=all order=baseline nodes=36 rank1=9 median=4 mean=4.000000 cdf1=9 cdf2=9 cdf4=33 cdf8=33 cdf16=36 hist=[9, 0, 0, 24, 0, 3, 0, 0] children_median=13 children_mean=16.166667
ORDERING_SUMMARY label=0l4291i_live@10000 scope=pair band=all order=zone_bound nodes=36 rank1=6 median=2 mean=2.416667 cdf1=6 cdf2=30 cdf4=30 cdf8=36 cdf16=36 hist=[6, 24, 0, 0, 6, 0, 0, 0] children_median=13 children_mean=16.166667
ORDERING_SUMMARY label=0l4291i_live@10000 scope=pair band=all order=census_distance nodes=36 rank1=3 median=5 mean=5.166667 cdf1=3 cdf2=3 cdf4=9 cdf8=33 cdf16=36 hist=[3, 0, 6, 0, 24, 3, 0, 0] children_median=13 children_mean=16.166667
ORDERING_SUMMARY label=0l4291i_live@10000 scope=pair band=all order=gate_adjacency nodes=36 rank1=9 median=4 mean=4.000000 cdf1=9 cdf2=9 cdf4=33 cdf8=33 cdf16=36 hist=[9, 0, 0, 24, 0, 3, 0, 0] children_median=13 children_mean=16.166667
ORDERING_SUMMARY label=0l4291i_live@10000 scope=pair band=all order=d_stone nodes=36 rank1=9 median=4 mean=3.916667 cdf1=9 cdf2=9 cdf4=33 cdf8=33 cdf16=36 hist=[9, 0, 0, 24, 0, 3, 0, 0] children_median=13 children_mean=16.166667
ORDERING_SUMMARY label=0l4291i_live@10000 scope=pair band=all order=census_zone_composite nodes=36 rank1=3 median=3 mean=3.250000 cdf1=3 cdf2=3 cdf4=33 cdf8=36 cdf16=36 hist=[3, 0, 30, 0, 3, 0, 0, 0] children_median=13 children_mean=16.166667
ORDERING_SUMMARY label=0l4291i_live@10000 scope=pair band=all order=zone_gate_composite nodes=36 rank1=0 median=3 mean=3.583333 cdf1=0 cdf2=0 cdf4=30 cdf8=36 cdf16=36 hist=[0, 0, 30, 0, 6, 0, 0, 0] children_median=13 children_mean=16.166667
ORDERING_SUMMARY label=0l4291i_live@10000 scope=pair band=8-15 order=baseline nodes=3 rank1=3 median=1 mean=1.000000 cdf1=3 cdf2=3 cdf4=3 cdf8=3 cdf16=3 hist=[3, 0, 0, 0, 0, 0, 0, 0] children_median=11 children_mean=11.333333
ORDERING_SUMMARY label=0l4291i_live@10000 scope=pair band=8-15 order=zone_bound nodes=3 rank1=0 median=5 mean=5.000000 cdf1=0 cdf2=0 cdf4=0 cdf8=3 cdf16=3 hist=[0, 0, 0, 0, 3, 0, 0, 0] children_median=11 children_mean=11.333333
ORDERING_SUMMARY label=0l4291i_live@10000 scope=pair band=8-15 order=census_distance nodes=3 rank1=3 median=1 mean=1.000000 cdf1=3 cdf2=3 cdf4=3 cdf8=3 cdf16=3 hist=[3, 0, 0, 0, 0, 0, 0, 0] children_median=11 children_mean=11.333333
ORDERING_SUMMARY label=0l4291i_live@10000 scope=pair band=8-15 order=gate_adjacency nodes=3 rank1=3 median=1 mean=1.000000 cdf1=3 cdf2=3 cdf4=3 cdf8=3 cdf16=3 hist=[3, 0, 0, 0, 0, 0, 0, 0] children_median=11 children_mean=11.333333
ORDERING_SUMMARY label=0l4291i_live@10000 scope=pair band=8-15 order=d_stone nodes=3 rank1=3 median=1 mean=1.000000 cdf1=3 cdf2=3 cdf4=3 cdf8=3 cdf16=3 hist=[3, 0, 0, 0, 0, 0, 0, 0] children_median=11 children_mean=11.333333
ORDERING_SUMMARY label=0l4291i_live@10000 scope=pair band=8-15 order=census_zone_composite nodes=3 rank1=3 median=1 mean=1.000000 cdf1=3 cdf2=3 cdf4=3 cdf8=3 cdf16=3 hist=[3, 0, 0, 0, 0, 0, 0, 0] children_median=11 children_mean=11.333333
ORDERING_SUMMARY label=0l4291i_live@10000 scope=pair band=8-15 order=zone_gate_composite nodes=3 rank1=0 median=5 mean=5.000000 cdf1=0 cdf2=0 cdf4=0 cdf8=3 cdf16=3 hist=[0, 0, 0, 0, 3, 0, 0, 0] children_median=11 children_mean=11.333333
ORDERING_SUMMARY label=0l4291i_live@10000 scope=pair band=16plus order=baseline nodes=33 rank1=6 median=4 mean=4.272727 cdf1=6 cdf2=6 cdf4=30 cdf8=30 cdf16=33 hist=[6, 0, 0, 24, 0, 3, 0, 0] children_median=14 children_mean=16.606061
ORDERING_SUMMARY label=0l4291i_live@10000 scope=pair band=16plus order=zone_bound nodes=33 rank1=6 median=2 mean=2.181818 cdf1=6 cdf2=30 cdf4=30 cdf8=33 cdf16=33 hist=[6, 24, 0, 0, 3, 0, 0, 0] children_median=14 children_mean=16.606061
ORDERING_SUMMARY label=0l4291i_live@10000 scope=pair band=16plus order=census_distance nodes=33 rank1=0 median=5 mean=5.545455 cdf1=0 cdf2=0 cdf4=6 cdf8=30 cdf16=33 hist=[0, 0, 6, 0, 24, 3, 0, 0] children_median=14 children_mean=16.606061
ORDERING_SUMMARY label=0l4291i_live@10000 scope=pair band=16plus order=gate_adjacency nodes=33 rank1=6 median=4 mean=4.272727 cdf1=6 cdf2=6 cdf4=30 cdf8=30 cdf16=33 hist=[6, 0, 0, 24, 0, 3, 0, 0] children_median=14 children_mean=16.606061
ORDERING_SUMMARY label=0l4291i_live@10000 scope=pair band=16plus order=d_stone nodes=33 rank1=6 median=4 mean=4.181818 cdf1=6 cdf2=6 cdf4=30 cdf8=30 cdf16=33 hist=[6, 0, 0, 24, 0, 3, 0, 0] children_median=14 children_mean=16.606061
ORDERING_SUMMARY label=0l4291i_live@10000 scope=pair band=16plus order=census_zone_composite nodes=33 rank1=0 median=3 mean=3.454545 cdf1=0 cdf2=0 cdf4=30 cdf8=33 cdf16=33 hist=[0, 0, 30, 0, 3, 0, 0, 0] children_median=14 children_mean=16.606061
ORDERING_SUMMARY label=0l4291i_live@10000 scope=pair band=16plus order=zone_gate_composite nodes=33 rank1=0 median=3 mean=3.454545 cdf1=0 cdf2=0 cdf4=30 cdf8=33 cdf16=33 hist=[0, 0, 30, 0, 3, 0, 0, 0] children_median=14 children_mean=16.606061
CLOSURE_ROW id=0l4291i_live cap=10000 evaluated=0 accepted=0 retained=0 selected=0 linked=0 expanded=0 winning_choices=0 winning_rank_bins=[0, 0, 0, 0, 0, 0, 0, 0] reveal_evaluated=0 reveal_prefix=0 pair_ms=0.000 gate_ms=0.000 second_ms=0.000 eval_ms=0.000 dedup_ms=0.000 avoid_second_ms=0.000 avoid_eval_ms=0.000 avoid_dedup_ms=0.000
THRESHOLD_ROW id=0l4291i_live cap=10000 visits=0 revisits=0 threshold_crosses=0 reselections=0 sibling_switches=0 residencies=0 residency_expansions=0 expansion_bins=[0, 0, 0, 0, 0, 0, 0, 0] descent_ms=0.000 state_ms=0.000
FRONTIER_CENSUS_ROW id=0l4291i_live cap=10000 first_refusal=None choice_pre=[0, 0, 0, 0, 0, 0, 0, 0, 0, 0, 0, 0, 0] choice_post=[0, 0, 0, 0, 0, 0, 0, 0, 0, 0, 0, 0, 0] universal_pre=[0, 0, 0, 0, 0, 0, 0, 0, 0, 0, 0, 0, 0] universal_post=[0, 0, 0, 0, 0, 0, 0, 0, 0, 0, 0, 0, 0] unclassified_pre=0 unclassified_post=0 sentinel_inherited_hits=[0, 0] sentinel_inherited_clamps=[0, 0] sentinel_increment_hits=0 sentinel_increment_clamps=0 sentinel_sum_hits=[0, 0]
FRAGMENT_PROFILE id=0l4291i_live cap=10000 lookups=0 hits=0 imports=0 store_entries=0 store_bytes=0
GEN_PROFILE pair_ms=952 defender_ms=312 regen_ms=187 expand_ms=1275 refresh_ms=39 insert_ms=4
CORPUS id=0l4291i_live cap=100000 status=UNKNOWN expect=WIN nodes=100000 expansions=99999 tt_entries=99964 tt_hits=1911 tt_bytes_cap=1073741824 peak_tt_bytes=26405485 stage_refreshes=71 gate_evals=0 gate_dismissals=0 gate_us=0.000 seed_scans=0 seed_ms=0.000 ms=16653.3
ORDERING_SUMMARY label=0l4291i_live@100000 scope=all_choice band=all order=baseline nodes=2207 rank1=376 median=4 mean=5.838695 cdf1=376 cdf2=575 cdf4=1224 cdf8=1800 cdf16=2117 hist=[376, 199, 338, 311, 576, 317, 54, 36] children_median=17 children_mean=44.202990
ORDERING_SUMMARY label=0l4291i_live@100000 scope=all_choice band=all order=zone_bound nodes=2207 rank1=465 median=3 mean=7.857725 cdf1=465 cdf2=1068 cdf4=1636 cdf8=1871 cdf16=2007 hist=[465, 603, 384, 184, 235, 136, 69, 131] children_median=17 children_mean=44.202990
ORDERING_SUMMARY label=0l4291i_live@100000 scope=all_choice band=all order=census_distance nodes=2207 rank1=374 median=5 mean=6.412778 cdf1=374 cdf2=573 cdf4=1057 cdf8=1648 cdf16=2117 hist=[374, 199, 344, 140, 591, 469, 54, 36] children_median=17 children_mean=44.202990
ORDERING_SUMMARY label=0l4291i_live@100000 scope=all_choice band=all order=gate_adjacency nodes=2207 rank1=376 median=4 mean=5.873131 cdf1=376 cdf2=530 cdf4=1216 cdf8=1797 cdf16=2117 hist=[376, 154, 373, 313, 581, 320, 54, 36] children_median=17 children_mean=44.202990
ORDERING_SUMMARY label=0l4291i_live@100000 scope=all_choice band=all order=d_stone nodes=2207 rank1=421 median=4 mean=5.622565 cdf1=421 cdf2=581 cdf4=1224 cdf8=1887 cdf16=2133 hist=[421, 160, 338, 305, 663, 246, 48, 26] children_median=17 children_mean=44.202990
ORDERING_SUMMARY label=0l4291i_live@100000 scope=all_choice band=all order=census_zone_composite nodes=2207 rank1=514 median=3 mean=8.369280 cdf1=514 cdf2=877 cdf4=1364 cdf8=1836 cdf16=2027 hist=[514, 363, 337, 150, 472, 191, 47, 133] children_median=17 children_mean=44.202990
ORDERING_SUMMARY label=0l4291i_live@100000 scope=all_choice band=all order=zone_gate_composite nodes=2207 rank1=415 median=3 mean=8.108292 cdf1=415 cdf2=764 cdf4=1525 cdf8=1882 cdf16=2009 hist=[415, 349, 646, 115, 357, 127, 67, 131] children_median=17 children_mean=44.202990
ORDERING_SUMMARY label=0l4291i_live@100000 scope=pair band=all order=baseline nodes=2207 rank1=376 median=4 mean=5.838695 cdf1=376 cdf2=575 cdf4=1224 cdf8=1800 cdf16=2117 hist=[376, 199, 338, 311, 576, 317, 54, 36] children_median=17 children_mean=44.202990
ORDERING_SUMMARY label=0l4291i_live@100000 scope=pair band=all order=zone_bound nodes=2207 rank1=465 median=3 mean=7.857725 cdf1=465 cdf2=1068 cdf4=1636 cdf8=1871 cdf16=2007 hist=[465, 603, 384, 184, 235, 136, 69, 131] children_median=17 children_mean=44.202990
ORDERING_SUMMARY label=0l4291i_live@100000 scope=pair band=all order=census_distance nodes=2207 rank1=374 median=5 mean=6.412778 cdf1=374 cdf2=573 cdf4=1057 cdf8=1648 cdf16=2117 hist=[374, 199, 344, 140, 591, 469, 54, 36] children_median=17 children_mean=44.202990
ORDERING_SUMMARY label=0l4291i_live@100000 scope=pair band=all order=gate_adjacency nodes=2207 rank1=376 median=4 mean=5.873131 cdf1=376 cdf2=530 cdf4=1216 cdf8=1797 cdf16=2117 hist=[376, 154, 373, 313, 581, 320, 54, 36] children_median=17 children_mean=44.202990
ORDERING_SUMMARY label=0l4291i_live@100000 scope=pair band=all order=d_stone nodes=2207 rank1=421 median=4 mean=5.622565 cdf1=421 cdf2=581 cdf4=1224 cdf8=1887 cdf16=2133 hist=[421, 160, 338, 305, 663, 246, 48, 26] children_median=17 children_mean=44.202990
ORDERING_SUMMARY label=0l4291i_live@100000 scope=pair band=all order=census_zone_composite nodes=2207 rank1=514 median=3 mean=8.369280 cdf1=514 cdf2=877 cdf4=1364 cdf8=1836 cdf16=2027 hist=[514, 363, 337, 150, 472, 191, 47, 133] children_median=17 children_mean=44.202990
ORDERING_SUMMARY label=0l4291i_live@100000 scope=pair band=all order=zone_gate_composite nodes=2207 rank1=415 median=3 mean=8.108292 cdf1=415 cdf2=764 cdf4=1525 cdf8=1882 cdf16=2009 hist=[415, 349, 646, 115, 357, 127, 67, 131] children_median=17 children_mean=44.202990
ORDERING_SUMMARY label=0l4291i_live@100000 scope=pair band=8-15 order=baseline nodes=12 rank1=9 median=1 mean=2.250000 cdf1=9 cdf2=9 cdf4=9 cdf8=12 cdf16=12 hist=[9, 0, 0, 0, 3, 0, 0, 0] children_median=11 children_mean=12.250000
ORDERING_SUMMARY label=0l4291i_live@100000 scope=pair band=8-15 order=zone_bound nodes=12 rank1=0 median=5 mean=6.250000 cdf1=0 cdf2=0 cdf4=0 cdf8=9 cdf16=12 hist=[0, 0, 0, 0, 9, 3, 0, 0] children_median=11 children_mean=12.250000
ORDERING_SUMMARY label=0l4291i_live@100000 scope=pair band=8-15 order=census_distance nodes=12 rank1=9 median=1 mean=2.750000 cdf1=9 cdf2=9 cdf4=9 cdf8=12 cdf16=12 hist=[9, 0, 0, 0, 3, 0, 0, 0] children_median=11 children_mean=12.250000
ORDERING_SUMMARY label=0l4291i_live@100000 scope=pair band=8-15 order=gate_adjacency nodes=12 rank1=9 median=1 mean=2.250000 cdf1=9 cdf2=9 cdf4=9 cdf8=12 cdf16=12 hist=[9, 0, 0, 0, 3, 0, 0, 0] children_median=11 children_mean=12.250000
ORDERING_SUMMARY label=0l4291i_live@100000 scope=pair band=8-15 order=d_stone nodes=12 rank1=9 median=1 mean=2.250000 cdf1=9 cdf2=9 cdf4=9 cdf8=12 cdf16=12 hist=[9, 0, 0, 0, 3, 0, 0, 0] children_median=11 children_mean=12.250000
ORDERING_SUMMARY label=0l4291i_live@100000 scope=pair band=8-15 order=census_zone_composite nodes=12 rank1=9 median=1 mean=3.250000 cdf1=9 cdf2=9 cdf4=9 cdf8=9 cdf16=12 hist=[9, 0, 0, 0, 0, 3, 0, 0] children_median=11 children_mean=12.250000
ORDERING_SUMMARY label=0l4291i_live@100000 scope=pair band=8-15 order=zone_gate_composite nodes=12 rank1=0 median=5 mean=6.250000 cdf1=0 cdf2=0 cdf4=0 cdf8=9 cdf16=12 hist=[0, 0, 0, 0, 9, 3, 0, 0] children_median=11 children_mean=12.250000
ORDERING_SUMMARY label=0l4291i_live@100000 scope=pair band=16plus order=baseline nodes=2195 rank1=367 median=4 mean=5.858314 cdf1=367 cdf2=566 cdf4=1215 cdf8=1788 cdf16=2105 hist=[367, 199, 338, 311, 573, 317, 54, 36] children_median=17 children_mean=44.377677
ORDERING_SUMMARY label=0l4291i_live@100000 scope=pair band=16plus order=zone_bound nodes=2195 rank1=465 median=3 mean=7.866515 cdf1=465 cdf2=1068 cdf4=1636 cdf8=1862 cdf16=1995 hist=[465, 603, 384, 184, 226, 133, 69, 131] children_median=17 children_mean=44.377677
ORDERING_SUMMARY label=0l4291i_live@100000 scope=pair band=16plus order=census_distance nodes=2195 rank1=365 median=5 mean=6.432802 cdf1=365 cdf2=564 cdf4=1048 cdf8=1636 cdf16=2105 hist=[365, 199, 344, 140, 588, 469, 54, 36] children_median=17 children_mean=44.377677
ORDERING_SUMMARY label=0l4291i_live@100000 scope=pair band=16plus order=gate_adjacency nodes=2195 rank1=367 median=4 mean=5.892938 cdf1=367 cdf2=521 cdf4=1207 cdf8=1785 cdf16=2105 hist=[367, 154, 373, 313, 578, 320, 54, 36] children_median=17 children_mean=44.377677
ORDERING_SUMMARY label=0l4291i_live@100000 scope=pair band=16plus order=d_stone nodes=2195 rank1=412 median=4 mean=5.641002 cdf1=412 cdf2=572 cdf4=1215 cdf8=1875 cdf16=2121 hist=[412, 160, 338, 305, 660, 246, 48, 26] children_median=17 children_mean=44.377677
ORDERING_SUMMARY label=0l4291i_live@100000 scope=pair band=16plus order=census_zone_composite nodes=2195 rank1=505 median=3 mean=8.397267 cdf1=505 cdf2=868 cdf4=1355 cdf8=1827 cdf16=2015 hist=[505, 363, 337, 150, 472, 188, 47, 133] children_median=17 children_mean=44.377677
ORDERING_SUMMARY label=0l4291i_live@100000 scope=pair band=16plus order=zone_gate_composite nodes=2195 rank1=415 median=3 mean=8.118451 cdf1=415 cdf2=764 cdf4=1525 cdf8=1873 cdf16=1997 hist=[415, 349, 646, 115, 348, 124, 67, 131] children_median=17 children_mean=44.377677
CLOSURE_ROW id=0l4291i_live cap=100000 evaluated=0 accepted=0 retained=0 selected=0 linked=0 expanded=0 winning_choices=0 winning_rank_bins=[0, 0, 0, 0, 0, 0, 0, 0] reveal_evaluated=0 reveal_prefix=0 pair_ms=0.000 gate_ms=0.000 second_ms=0.000 eval_ms=0.000 dedup_ms=0.000 avoid_second_ms=0.000 avoid_eval_ms=0.000 avoid_dedup_ms=0.000
THRESHOLD_ROW id=0l4291i_live cap=100000 visits=0 revisits=0 threshold_crosses=0 reselections=0 sibling_switches=0 residencies=0 residency_expansions=0 expansion_bins=[0, 0, 0, 0, 0, 0, 0, 0] descent_ms=0.000 state_ms=0.000
FRONTIER_CENSUS_ROW id=0l4291i_live cap=100000 first_refusal=None choice_pre=[0, 0, 0, 0, 0, 0, 0, 0, 0, 0, 0, 0, 0] choice_post=[0, 0, 0, 0, 0, 0, 0, 0, 0, 0, 0, 0, 0] universal_pre=[0, 0, 0, 0, 0, 0, 0, 0, 0, 0, 0, 0, 0] universal_post=[0, 0, 0, 0, 0, 0, 0, 0, 0, 0, 0, 0, 0] unclassified_pre=0 unclassified_post=0 sentinel_inherited_hits=[0, 0] sentinel_inherited_clamps=[0, 0] sentinel_increment_hits=0 sentinel_increment_clamps=0 sentinel_sum_hits=[0, 0]
FRAGMENT_PROFILE id=0l4291i_live cap=100000 lookups=0 hits=0 imports=0 store_entries=0 store_bytes=0
GEN_PROFILE pair_ms=9259 defender_ms=4890 regen_ms=1720 expand_ms=14309 refresh_ms=1821 insert_ms=60
CORPUS id=0l4291i_live cap=1000000 status=UNKNOWN expect=WIN nodes=1000000 expansions=999999 tt_entries=999962 tt_hits=18549 tt_bytes_cap=1073741824 peak_tt_bytes=288513572 stage_refreshes=75 gate_evals=0 gate_dismissals=0 gate_us=0.000 seed_scans=0 seed_ms=0.000 ms=137412.9
ORDERING_SUMMARY label=0l4291i_live@1000000 scope=all_choice band=all order=baseline nodes=12183 rank1=1890 median=6 mean=7.253222 cdf1=1890 cdf2=2621 cdf4=5261 cdf8=8910 cdf16=11318 hist=[1890, 731, 1672, 968, 3649, 2408, 552, 313] children_median=23 children_mean=53.221784
ORDERING_SUMMARY label=0l4291i_live@1000000 scope=all_choice band=all order=zone_bound nodes=12183 rank1=2190 median=3 mean=9.509398 cdf1=2190 cdf2=4531 cdf4=7777 cdf8=9558 cdf16=10493 hist=[2190, 2341, 2155, 1091, 1781, 935, 697, 993] children_median=23 children_mean=53.221784
ORDERING_SUMMARY label=0l4291i_live@1000000 scope=all_choice band=all order=census_distance nodes=12183 rank1=2143 median=7 mean=7.716162 cdf1=2143 cdf2=2877 cdf4=5096 cdf8=7814 cdf16=11337 hist=[2143, 734, 1514, 705, 2718, 3523, 533, 313] children_median=23 children_mean=53.221784
ORDERING_SUMMARY label=0l4291i_live@1000000 scope=all_choice band=all order=gate_adjacency nodes=12183 rank1=1891 median=6 mean=7.268653 cdf1=1891 cdf2=2532 cdf4=5235 cdf8=8900 cdf16=11318 hist=[1891, 641, 1730, 973, 3665, 2418, 552, 313] children_median=23 children_mean=53.221784
ORDERING_SUMMARY label=0l4291i_live@1000000 scope=all_choice band=all order=d_stone nodes=12183 rank1=2006 median=6 mean=6.961586 cdf1=2006 cdf2=2668 cdf4=5261 cdf8=9546 cdf16=11416 hist=[2006, 662, 1645, 948, 4285, 1870, 503, 264] children_median=23 children_mean=53.221784
ORDERING_SUMMARY label=0l4291i_live@1000000 scope=all_choice band=all order=census_zone_composite nodes=12183 rank1=2669 median=4 mean=9.587950 cdf1=2669 cdf2=4433 cdf4=6244 cdf8=9472 cdf16=10841 hist=[2669, 1764, 1119, 692, 3228, 1369, 358, 984] children_median=23 children_mean=53.221784
ORDERING_SUMMARY label=0l4291i_live@1000000 scope=all_choice band=all order=zone_gate_composite nodes=12183 rank1=2111 median=3 mean=9.611262 cdf1=2111 cdf2=3962 cdf4=7053 cdf8=9573 cdf16=10525 hist=[2111, 1851, 2441, 650, 2520, 952, 663, 995] children_median=23 children_mean=53.221784
ORDERING_SUMMARY label=0l4291i_live@1000000 scope=pair band=all order=baseline nodes=12183 rank1=1890 median=6 mean=7.253222 cdf1=1890 cdf2=2621 cdf4=5261 cdf8=8910 cdf16=11318 hist=[1890, 731, 1672, 968, 3649, 2408, 552, 313] children_median=23 children_mean=53.221784
ORDERING_SUMMARY label=0l4291i_live@1000000 scope=pair band=all order=zone_bound nodes=12183 rank1=2190 median=3 mean=9.509398 cdf1=2190 cdf2=4531 cdf4=7777 cdf8=9558 cdf16=10493 hist=[2190, 2341, 2155, 1091, 1781, 935, 697, 993] children_median=23 children_mean=53.221784
ORDERING_SUMMARY label=0l4291i_live@1000000 scope=pair band=all order=census_distance nodes=12183 rank1=2143 median=7 mean=7.716162 cdf1=2143 cdf2=2877 cdf4=5096 cdf8=7814 cdf16=11337 hist=[2143, 734, 1514, 705, 2718, 3523, 533, 313] children_median=23 children_mean=53.221784
ORDERING_SUMMARY label=0l4291i_live@1000000 scope=pair band=all order=gate_adjacency nodes=12183 rank1=1891 median=6 mean=7.268653 cdf1=1891 cdf2=2532 cdf4=5235 cdf8=8900 cdf16=11318 hist=[1891, 641, 1730, 973, 3665, 2418, 552, 313] children_median=23 children_mean=53.221784
ORDERING_SUMMARY label=0l4291i_live@1000000 scope=pair band=all order=d_stone nodes=12183 rank1=2006 median=6 mean=6.961586 cdf1=2006 cdf2=2668 cdf4=5261 cdf8=9546 cdf16=11416 hist=[2006, 662, 1645, 948, 4285, 1870, 503, 264] children_median=23 children_mean=53.221784
ORDERING_SUMMARY label=0l4291i_live@1000000 scope=pair band=all order=census_zone_composite nodes=12183 rank1=2669 median=4 mean=9.587950 cdf1=2669 cdf2=4433 cdf4=6244 cdf8=9472 cdf16=10841 hist=[2669, 1764, 1119, 692, 3228, 1369, 358, 984] children_median=23 children_mean=53.221784
ORDERING_SUMMARY label=0l4291i_live@1000000 scope=pair band=all order=zone_gate_composite nodes=12183 rank1=2111 median=3 mean=9.611262 cdf1=2111 cdf2=3962 cdf4=7053 cdf8=9573 cdf16=10525 hist=[2111, 1851, 2441, 650, 2520, 952, 663, 995] children_median=23 children_mean=53.221784
ORDERING_SUMMARY label=0l4291i_live@1000000 scope=pair band=8-15 order=baseline nodes=15 rank1=10 median=1 mean=2.666667 cdf1=10 cdf2=10 cdf4=10 cdf8=15 cdf16=15 hist=[10, 0, 0, 0, 5, 0, 0, 0] children_median=12 children_mean=12.000000
ORDERING_SUMMARY label=0l4291i_live@1000000 scope=pair band=8-15 order=zone_bound nodes=15 rank1=1 median=5 mean=6.400000 cdf1=1 cdf2=1 cdf4=1 cdf8=10 cdf16=15 hist=[1, 0, 0, 0, 9, 5, 0, 0] children_median=12 children_mean=12.000000
ORDERING_SUMMARY label=0l4291i_live@1000000 scope=pair band=8-15 order=census_distance nodes=15 rank1=10 median=1 mean=3.333333 cdf1=10 cdf2=10 cdf4=10 cdf8=15 cdf16=15 hist=[10, 0, 0, 0, 5, 0, 0, 0] children_median=12 children_mean=12.000000
ORDERING_SUMMARY label=0l4291i_live@1000000 scope=pair band=8-15 order=gate_adjacency nodes=15 rank1=10 median=1 mean=2.666667 cdf1=10 cdf2=10 cdf4=10 cdf8=15 cdf16=15 hist=[10, 0, 0, 0, 5, 0, 0, 0] children_median=12 children_mean=12.000000
ORDERING_SUMMARY label=0l4291i_live@1000000 scope=pair band=8-15 order=d_stone nodes=15 rank1=10 median=1 mean=2.666667 cdf1=10 cdf2=10 cdf4=10 cdf8=15 cdf16=15 hist=[10, 0, 0, 0, 5, 0, 0, 0] children_median=12 children_mean=12.000000
ORDERING_SUMMARY label=0l4291i_live@1000000 scope=pair band=8-15 order=census_zone_composite nodes=15 rank1=10 median=1 mean=4.000000 cdf1=10 cdf2=10 cdf4=10 cdf8=10 cdf16=15 hist=[10, 0, 0, 0, 0, 5, 0, 0] children_median=12 children_mean=12.000000
ORDERING_SUMMARY label=0l4291i_live@1000000 scope=pair band=8-15 order=zone_gate_composite nodes=15 rank1=1 median=5 mean=6.400000 cdf1=1 cdf2=1 cdf4=1 cdf8=10 cdf16=15 hist=[1, 0, 0, 0, 9, 5, 0, 0] children_median=12 children_mean=12.000000
ORDERING_SUMMARY label=0l4291i_live@1000000 scope=pair band=16plus order=baseline nodes=12168 rank1=1880 median=6 mean=7.258876 cdf1=1880 cdf2=2611 cdf4=5251 cdf8=8895 cdf16=11303 hist=[1880, 731, 1672, 968, 3644, 2408, 552, 313] children_median=23 children_mean=53.272600
ORDERING_SUMMARY label=0l4291i_live@1000000 scope=pair band=16plus order=zone_bound nodes=12168 rank1=2189 median=3 mean=9.513231 cdf1=2189 cdf2=4530 cdf4=7776 cdf8=9548 cdf16=10478 hist=[2189, 2341, 2155, 1091, 1772, 930, 697, 993] children_median=23 children_mean=53.272600
ORDERING_SUMMARY label=0l4291i_live@1000000 scope=pair band=16plus order=census_distance nodes=12168 rank1=2133 median=7 mean=7.721565 cdf1=2133 cdf2=2867 cdf4=5086 cdf8=7799 cdf16=11322 hist=[2133, 734, 1514, 705, 2713, 3523, 533, 313] children_median=23 children_mean=53.272600
ORDERING_SUMMARY label=0l4291i_live@1000000 scope=pair band=16plus order=gate_adjacency nodes=12168 rank1=1881 median=6 mean=7.274326 cdf1=1881 cdf2=2522 cdf4=5225 cdf8=8885 cdf16=11303 hist=[1881, 641, 1730, 973, 3660, 2418, 552, 313] children_median=23 children_mean=53.272600
ORDERING_SUMMARY label=0l4291i_live@1000000 scope=pair band=16plus order=d_stone nodes=12168 rank1=1996 median=6 mean=6.966880 cdf1=1996 cdf2=2658 cdf4=5251 cdf8=9531 cdf16=11401 hist=[1996, 662, 1645, 948, 4280, 1870, 503, 264] children_median=23 children_mean=53.272600
ORDERING_SUMMARY label=0l4291i_live@1000000 scope=pair band=16plus order=census_zone_composite nodes=12168 rank1=2659 median=4 mean=9.594839 cdf1=2659 cdf2=4423 cdf4=6234 cdf8=9462 cdf16=10826 hist=[2659, 1764, 1119, 692, 3228, 1364, 358, 984] children_median=23 children_mean=53.272600
ORDERING_SUMMARY label=0l4291i_live@1000000 scope=pair band=16plus order=zone_gate_composite nodes=12168 rank1=2110 median=3 mean=9.615220 cdf1=2110 cdf2=3961 cdf4=7052 cdf8=9563 cdf16=10510 hist=[2110, 1851, 2441, 650, 2511, 947, 663, 995] children_median=23 children_mean=53.272600
CLOSURE_ROW id=0l4291i_live cap=1000000 evaluated=0 accepted=0 retained=0 selected=0 linked=0 expanded=0 winning_choices=0 winning_rank_bins=[0, 0, 0, 0, 0, 0, 0, 0] reveal_evaluated=0 reveal_prefix=0 pair_ms=0.000 gate_ms=0.000 second_ms=0.000 eval_ms=0.000 dedup_ms=0.000 avoid_second_ms=0.000 avoid_eval_ms=0.000 avoid_dedup_ms=0.000
THRESHOLD_ROW id=0l4291i_live cap=1000000 visits=0 revisits=0 threshold_crosses=0 reselections=0 sibling_switches=0 residencies=0 residency_expansions=0 expansion_bins=[0, 0, 0, 0, 0, 0, 0, 0] descent_ms=0.000 state_ms=0.000
FRONTIER_CENSUS_ROW id=0l4291i_live cap=1000000 first_refusal=None choice_pre=[0, 0, 0, 0, 0, 0, 0, 0, 0, 0, 0, 0, 0] choice_post=[0, 0, 0, 0, 0, 0, 0, 0, 0, 0, 0, 0, 0] universal_pre=[0, 0, 0, 0, 0, 0, 0, 0, 0, 0, 0, 0, 0] universal_post=[0, 0, 0, 0, 0, 0, 0, 0, 0, 0, 0, 0, 0] unclassified_pre=0 unclassified_post=0 sentinel_inherited_hits=[0, 0] sentinel_inherited_clamps=[0, 0] sentinel_increment_hits=0 sentinel_increment_clamps=0 sentinel_sum_hits=[0, 0]
FRAGMENT_PROFILE id=0l4291i_live cap=1000000 lookups=0 hits=0 imports=0 store_entries=0 store_bytes=0
GEN_PROFILE pair_ms=73952 defender_ms=54674 regen_ms=13536 expand_ms=130294 refresh_ms=5257 insert_ms=867
CORPUS id=0l4291i_live cap=20000000 status=WIN expect=WIN nodes=1879612 expansions=1879611 tt_entries=1879574 tt_hits=37076 tt_bytes_cap=1073741824 peak_tt_bytes=549161606 stage_refreshes=75 gate_evals=0 gate_dismissals=0 gate_us=0.000 seed_scans=0 seed_ms=0.000 ms=262312.3
ORDERING_SUMMARY label=0l4291i_live@20000000 scope=all_choice band=all order=baseline nodes=18842 rank1=2979 median=6 mean=7.654654 cdf1=2979 cdf2=4005 cdf4=7784 cdf8=13589 cdf16=17367 hist=[2979, 1026, 2468, 1311, 5805, 3778, 855, 620] children_median=25 children_mean=52.586827
ORDERING_SUMMARY label=0l4291i_live@20000000 scope=all_choice band=all order=zone_bound nodes=18842 rank1=3313 median=3 mean=9.458285 cdf1=3313 cdf2=6672 cdf4=11832 cdf8=14657 cdf16=16136 hist=[3313, 3359, 2866, 2294, 2825, 1479, 1222, 1484] children_median=25 children_mean=52.586827
ORDERING_SUMMARY label=0l4291i_live@20000000 scope=all_choice band=all order=census_distance nodes=18842 rank1=3256 median=7 mean=8.127693 cdf1=3256 cdf2=4282 cdf4=7556 cdf8=11710 cdf16=17404 hist=[3256, 1026, 2210, 1064, 4154, 5694, 818, 620] children_median=25 children_mean=52.586827
ORDERING_SUMMARY label=0l4291i_live@20000000 scope=all_choice band=all order=gate_adjacency nodes=18842 rank1=2975 median=6 mean=7.669674 cdf1=2975 cdf2=3897 cdf4=7750 cdf8=13567 cdf16=17367 hist=[2975, 922, 2533, 1320, 5817, 3800, 855, 620] children_median=25 children_mean=52.586827
ORDERING_SUMMARY label=0l4291i_live@20000000 scope=all_choice band=all order=d_stone nodes=18842 rank1=3147 median=6 mean=7.360896 cdf1=3147 cdf2=4090 cdf4=7784 cdf8=14584 cdf16=17526 hist=[3147, 943, 2403, 1291, 6800, 2942, 769, 547] children_median=25 children_mean=52.586827
ORDERING_SUMMARY label=0l4291i_live@20000000 scope=all_choice band=all order=census_zone_composite nodes=18842 rank1=3934 median=5 mean=9.591710 cdf1=3934 cdf2=6509 cdf4=9185 cdf8=14513 cdf16=16711 hist=[3934, 2575, 1554, 1122, 5328, 2198, 626, 1505] children_median=25 children_mean=52.586827
ORDERING_SUMMARY label=0l4291i_live@20000000 scope=all_choice band=all order=zone_gate_composite nodes=18842 rank1=3209 median=4 mean=9.563953 cdf1=3209 cdf2=5928 cdf4=10338 cdf8=14670 cdf16=16241 hist=[3209, 2719, 3253, 1157, 4332, 1571, 1111, 1490] children_median=25 children_mean=52.586827
ORDERING_SUMMARY label=0l4291i_live@20000000 scope=pair band=all order=baseline nodes=18842 rank1=2979 median=6 mean=7.654654 cdf1=2979 cdf2=4005 cdf4=7784 cdf8=13589 cdf16=17367 hist=[2979, 1026, 2468, 1311, 5805, 3778, 855, 620] children_median=25 children_mean=52.586827
ORDERING_SUMMARY label=0l4291i_live@20000000 scope=pair band=all order=zone_bound nodes=18842 rank1=3313 median=3 mean=9.458285 cdf1=3313 cdf2=6672 cdf4=11832 cdf8=14657 cdf16=16136 hist=[3313, 3359, 2866, 2294, 2825, 1479, 1222, 1484] children_median=25 children_mean=52.586827
ORDERING_SUMMARY label=0l4291i_live@20000000 scope=pair band=all order=census_distance nodes=18842 rank1=3256 median=7 mean=8.127693 cdf1=3256 cdf2=4282 cdf4=7556 cdf8=11710 cdf16=17404 hist=[3256, 1026, 2210, 1064, 4154, 5694, 818, 620] children_median=25 children_mean=52.586827
ORDERING_SUMMARY label=0l4291i_live@20000000 scope=pair band=all order=gate_adjacency nodes=18842 rank1=2975 median=6 mean=7.669674 cdf1=2975 cdf2=3897 cdf4=7750 cdf8=13567 cdf16=17367 hist=[2975, 922, 2533, 1320, 5817, 3800, 855, 620] children_median=25 children_mean=52.586827
ORDERING_SUMMARY label=0l4291i_live@20000000 scope=pair band=all order=d_stone nodes=18842 rank1=3147 median=6 mean=7.360896 cdf1=3147 cdf2=4090 cdf4=7784 cdf8=14584 cdf16=17526 hist=[3147, 943, 2403, 1291, 6800, 2942, 769, 547] children_median=25 children_mean=52.586827
ORDERING_SUMMARY label=0l4291i_live@20000000 scope=pair band=all order=census_zone_composite nodes=18842 rank1=3934 median=5 mean=9.591710 cdf1=3934 cdf2=6509 cdf4=9185 cdf8=14513 cdf16=16711 hist=[3934, 2575, 1554, 1122, 5328, 2198, 626, 1505] children_median=25 children_mean=52.586827
ORDERING_SUMMARY label=0l4291i_live@20000000 scope=pair band=all order=zone_gate_composite nodes=18842 rank1=3209 median=4 mean=9.563953 cdf1=3209 cdf2=5928 cdf4=10338 cdf8=14670 cdf16=16241 hist=[3209, 2719, 3253, 1157, 4332, 1571, 1111, 1490] children_median=25 children_mean=52.586827
ORDERING_SUMMARY label=0l4291i_live@20000000 scope=pair band=0-7 order=baseline nodes=3 rank1=1 median=2 mean=3.333333 cdf1=1 cdf2=2 cdf4=2 cdf8=3 cdf16=3 hist=[1, 1, 0, 0, 1, 0, 0, 0] children_median=6 children_mean=8.333333
ORDERING_SUMMARY label=0l4291i_live@20000000 scope=pair band=0-7 order=zone_bound nodes=3 rank1=1 median=2 mean=1.666667 cdf1=1 cdf2=3 cdf4=3 cdf8=3 cdf16=3 hist=[1, 2, 0, 0, 0, 0, 0, 0] children_median=6 children_mean=8.333333
ORDERING_SUMMARY label=0l4291i_live@20000000 scope=pair band=0-7 order=census_distance nodes=3 rank1=1 median=2 mean=3.333333 cdf1=1 cdf2=2 cdf4=2 cdf8=3 cdf16=3 hist=[1, 1, 0, 0, 1, 0, 0, 0] children_median=6 children_mean=8.333333
ORDERING_SUMMARY label=0l4291i_live@20000000 scope=pair band=0-7 order=gate_adjacency nodes=3 rank1=1 median=2 mean=3.333333 cdf1=1 cdf2=2 cdf4=2 cdf8=3 cdf16=3 hist=[1, 1, 0, 0, 1, 0, 0, 0] children_median=6 children_mean=8.333333
ORDERING_SUMMARY label=0l4291i_live@20000000 scope=pair band=0-7 order=d_stone nodes=3 rank1=1 median=2 mean=3.333333 cdf1=1 cdf2=2 cdf4=2 cdf8=3 cdf16=3 hist=[1, 1, 0, 0, 1, 0, 0, 0] children_median=6 children_mean=8.333333
ORDERING_SUMMARY label=0l4291i_live@20000000 scope=pair band=0-7 order=census_zone_composite nodes=3 rank1=1 median=2 mean=2.000000 cdf1=1 cdf2=2 cdf4=3 cdf8=3 cdf16=3 hist=[1, 1, 1, 0, 0, 0, 0, 0] children_median=6 children_mean=8.333333
ORDERING_SUMMARY label=0l4291i_live@20000000 scope=pair band=0-7 order=zone_gate_composite nodes=3 rank1=1 median=2 mean=1.666667 cdf1=1 cdf2=3 cdf4=3 cdf8=3 cdf16=3 hist=[1, 2, 0, 0, 0, 0, 0, 0] children_median=6 children_mean=8.333333
ORDERING_SUMMARY label=0l4291i_live@20000000 scope=pair band=8-15 order=baseline nodes=39 rank1=15 median=3 mean=3.384615 cdf1=15 cdf2=15 cdf4=24 cdf8=39 cdf16=39 hist=[15, 0, 9, 0, 15, 0, 0, 0] children_median=12 children_mean=11.384615
ORDERING_SUMMARY label=0l4291i_live@20000000 scope=pair band=8-15 order=zone_bound nodes=39 rank1=6 median=5 mean=7.461538 cdf1=6 cdf2=6 cdf4=9 cdf8=21 cdf16=39 hist=[6, 0, 0, 3, 12, 18, 0, 0] children_median=12 children_mean=11.384615
ORDERING_SUMMARY label=0l4291i_live@20000000 scope=pair band=8-15 order=census_distance nodes=39 rank1=15 median=5 mean=4.307692 cdf1=15 cdf2=15 cdf4=15 cdf8=39 cdf16=39 hist=[15, 0, 0, 0, 24, 0, 0, 0] children_median=12 children_mean=11.384615
ORDERING_SUMMARY label=0l4291i_live@20000000 scope=pair band=8-15 order=gate_adjacency nodes=39 rank1=15 median=3 mean=3.384615 cdf1=15 cdf2=15 cdf4=24 cdf8=39 cdf16=39 hist=[15, 0, 9, 0, 15, 0, 0, 0] children_median=12 children_mean=11.384615
ORDERING_SUMMARY label=0l4291i_live@20000000 scope=pair band=8-15 order=d_stone nodes=39 rank1=15 median=3 mean=3.384615 cdf1=15 cdf2=15 cdf4=24 cdf8=39 cdf16=39 hist=[15, 0, 9, 0, 15, 0, 0, 0] children_median=12 children_mean=11.384615
ORDERING_SUMMARY label=0l4291i_live@20000000 scope=pair band=8-15 order=census_zone_composite nodes=39 rank1=15 median=5 mean=6.538462 cdf1=15 cdf2=15 cdf4=18 cdf8=21 cdf16=39 hist=[15, 0, 0, 3, 3, 18, 0, 0] children_median=12 children_mean=11.384615
ORDERING_SUMMARY label=0l4291i_live@20000000 scope=pair band=8-15 order=zone_gate_composite nodes=39 rank1=6 median=5 mean=7.461538 cdf1=6 cdf2=6 cdf4=9 cdf8=21 cdf16=39 hist=[6, 0, 0, 3, 12, 18, 0, 0] children_median=12 children_mean=11.384615
ORDERING_SUMMARY label=0l4291i_live@20000000 scope=pair band=16plus order=baseline nodes=18800 rank1=2963 median=6 mean=7.664202 cdf1=2963 cdf2=3988 cdf4=7758 cdf8=13547 cdf16=17325 hist=[2963, 1025, 2459, 1311, 5789, 3778, 855, 620] children_median=25 children_mean=52.679362
ORDERING_SUMMARY label=0l4291i_live@20000000 scope=pair band=16plus order=zone_bound nodes=18800 rank1=3306 median=3 mean=9.463670 cdf1=3306 cdf2=6663 cdf4=11820 cdf8=14633 cdf16=16094 hist=[3306, 3357, 2866, 2291, 2813, 1461, 1222, 1484] children_median=25 children_mean=52.679362
ORDERING_SUMMARY label=0l4291i_live@20000000 scope=pair band=16plus order=census_distance nodes=18800 rank1=3240 median=7 mean=8.136383 cdf1=3240 cdf2=4265 cdf4=7539 cdf8=11668 cdf16=17362 hist=[3240, 1025, 2210, 1064, 4129, 5694, 818, 620] children_median=25 children_mean=52.679362
ORDERING_SUMMARY label=0l4291i_live@20000000 scope=pair band=16plus order=gate_adjacency nodes=18800 rank1=2959 median=6 mean=7.679255 cdf1=2959 cdf2=3880 cdf4=7724 cdf8=13525 cdf16=17325 hist=[2959, 921, 2524, 1320, 5801, 3800, 855, 620] children_median=25 children_mean=52.679362
ORDERING_SUMMARY label=0l4291i_live@20000000 scope=pair band=16plus order=d_stone nodes=18800 rank1=3131 median=6 mean=7.369787 cdf1=3131 cdf2=4073 cdf4=7758 cdf8=14542 cdf16=17484 hist=[3131, 942, 2394, 1291, 6784, 2942, 769, 547] children_median=25 children_mean=52.679362
ORDERING_SUMMARY label=0l4291i_live@20000000 scope=pair band=16plus order=census_zone_composite nodes=18800 rank1=3918 median=5 mean=9.599255 cdf1=3918 cdf2=6492 cdf4=9164 cdf8=14489 cdf16=16669 hist=[3918, 2574, 1553, 1119, 5325, 2180, 626, 1505] children_median=25 children_mean=52.679362
ORDERING_SUMMARY label=0l4291i_live@20000000 scope=pair band=16plus order=zone_gate_composite nodes=18800 rank1=3202 median=4 mean=9.569574 cdf1=3202 cdf2=5919 cdf4=10326 cdf8=14646 cdf16=16199 hist=[3202, 2717, 3253, 1154, 4320, 1553, 1111, 1490] children_median=25 children_mean=52.679362
CLOSURE_ROW id=0l4291i_live cap=20000000 evaluated=0 accepted=0 retained=0 selected=0 linked=0 expanded=0 winning_choices=0 winning_rank_bins=[0, 0, 0, 0, 0, 0, 0, 0] reveal_evaluated=0 reveal_prefix=0 pair_ms=0.000 gate_ms=0.000 second_ms=0.000 eval_ms=0.000 dedup_ms=0.000 avoid_second_ms=0.000 avoid_eval_ms=0.000 avoid_dedup_ms=0.000
THRESHOLD_ROW id=0l4291i_live cap=20000000 visits=0 revisits=0 threshold_crosses=0 reselections=0 sibling_switches=0 residencies=0 residency_expansions=0 expansion_bins=[0, 0, 0, 0, 0, 0, 0, 0] descent_ms=0.000 state_ms=0.000
FRONTIER_CENSUS_ROW id=0l4291i_live cap=20000000 first_refusal=None choice_pre=[0, 0, 0, 0, 0, 0, 0, 0, 0, 0, 0, 0, 0] choice_post=[0, 0, 0, 0, 0, 0, 0, 0, 0, 0, 0, 0, 0] universal_pre=[0, 0, 0, 0, 0, 0, 0, 0, 0, 0, 0, 0, 0] universal_post=[0, 0, 0, 0, 0, 0, 0, 0, 0, 0, 0, 0, 0] unclassified_pre=0 unclassified_post=0 sentinel_inherited_hits=[0, 0] sentinel_inherited_clamps=[0, 0] sentinel_increment_hits=0 sentinel_increment_clamps=0 sentinel_sum_hits=[0, 0]
FRAGMENT_PROFILE id=0l4291i_live cap=20000000 lookups=0 hits=0 imports=0 store_entries=0 store_bytes=0
GEN_PROFILE pair_ms=188588 defender_ms=156583 regen_ms=34300 expand_ms=349974 refresh_ms=10570 insert_ms=2696
CORPUS id=acly7kb cap=10000 status=WIN expect=WIN nodes=75 expansions=74 tt_entries=70 tt_hits=0 tt_bytes_cap=1073741824 peak_tt_bytes=18072 stage_refreshes=11 gate_evals=0 gate_dismissals=0 gate_us=0.000 seed_scans=0 seed_ms=0.000 ms=9.6
ORDERING_SUMMARY label=acly7kb@10000 scope=all_choice band=all order=baseline nodes=13 rank1=5 median=7 mean=4.692308 cdf1=5 cdf2=5 cdf4=5 cdf8=13 cdf16=13 hist=[5, 0, 0, 0, 8, 0, 0, 0] children_median=9 children_mean=8.846154
ORDERING_SUMMARY label=acly7kb@10000 scope=all_choice band=all order=zone_bound nodes=13 rank1=5 median=7 mean=4.692308 cdf1=5 cdf2=5 cdf4=5 cdf8=13 cdf16=13 hist=[5, 0, 0, 0, 8, 0, 0, 0] children_median=9 children_mean=8.846154
ORDERING_SUMMARY label=acly7kb@10000 scope=all_choice band=all order=census_distance nodes=13 rank1=5 median=7 mean=4.692308 cdf1=5 cdf2=5 cdf4=5 cdf8=13 cdf16=13 hist=[5, 0, 0, 0, 8, 0, 0, 0] children_median=9 children_mean=8.846154
ORDERING_SUMMARY label=acly7kb@10000 scope=all_choice band=all order=gate_adjacency nodes=13 rank1=5 median=7 mean=4.692308 cdf1=5 cdf2=5 cdf4=5 cdf8=13 cdf16=13 hist=[5, 0, 0, 0, 8, 0, 0, 0] children_median=9 children_mean=8.846154
ORDERING_SUMMARY label=acly7kb@10000 scope=all_choice band=all order=d_stone nodes=13 rank1=5 median=7 mean=4.692308 cdf1=5 cdf2=5 cdf4=5 cdf8=13 cdf16=13 hist=[5, 0, 0, 0, 8, 0, 0, 0] children_median=9 children_mean=8.846154
ORDERING_SUMMARY label=acly7kb@10000 scope=all_choice band=all order=census_zone_composite nodes=13 rank1=5 median=7 mean=4.692308 cdf1=5 cdf2=5 cdf4=5 cdf8=13 cdf16=13 hist=[5, 0, 0, 0, 8, 0, 0, 0] children_median=9 children_mean=8.846154
ORDERING_SUMMARY label=acly7kb@10000 scope=all_choice band=all order=zone_gate_composite nodes=13 rank1=5 median=7 mean=4.692308 cdf1=5 cdf2=5 cdf4=5 cdf8=13 cdf16=13 hist=[5, 0, 0, 0, 8, 0, 0, 0] children_median=9 children_mean=8.846154
ORDERING_SUMMARY label=acly7kb@10000 scope=pair band=all order=baseline nodes=13 rank1=5 median=7 mean=4.692308 cdf1=5 cdf2=5 cdf4=5 cdf8=13 cdf16=13 hist=[5, 0, 0, 0, 8, 0, 0, 0] children_median=9 children_mean=8.846154
ORDERING_SUMMARY label=acly7kb@10000 scope=pair band=all order=zone_bound nodes=13 rank1=5 median=7 mean=4.692308 cdf1=5 cdf2=5 cdf4=5 cdf8=13 cdf16=13 hist=[5, 0, 0, 0, 8, 0, 0, 0] children_median=9 children_mean=8.846154
ORDERING_SUMMARY label=acly7kb@10000 scope=pair band=all order=census_distance nodes=13 rank1=5 median=7 mean=4.692308 cdf1=5 cdf2=5 cdf4=5 cdf8=13 cdf16=13 hist=[5, 0, 0, 0, 8, 0, 0, 0] children_median=9 children_mean=8.846154
ORDERING_SUMMARY label=acly7kb@10000 scope=pair band=all order=gate_adjacency nodes=13 rank1=5 median=7 mean=4.692308 cdf1=5 cdf2=5 cdf4=5 cdf8=13 cdf16=13 hist=[5, 0, 0, 0, 8, 0, 0, 0] children_median=9 children_mean=8.846154
ORDERING_SUMMARY label=acly7kb@10000 scope=pair band=all order=d_stone nodes=13 rank1=5 median=7 mean=4.692308 cdf1=5 cdf2=5 cdf4=5 cdf8=13 cdf16=13 hist=[5, 0, 0, 0, 8, 0, 0, 0] children_median=9 children_mean=8.846154
ORDERING_SUMMARY label=acly7kb@10000 scope=pair band=all order=census_zone_composite nodes=13 rank1=5 median=7 mean=4.692308 cdf1=5 cdf2=5 cdf4=5 cdf8=13 cdf16=13 hist=[5, 0, 0, 0, 8, 0, 0, 0] children_median=9 children_mean=8.846154
ORDERING_SUMMARY label=acly7kb@10000 scope=pair band=all order=zone_gate_composite nodes=13 rank1=5 median=7 mean=4.692308 cdf1=5 cdf2=5 cdf4=5 cdf8=13 cdf16=13 hist=[5, 0, 0, 0, 8, 0, 0, 0] children_median=9 children_mean=8.846154
ORDERING_SUMMARY label=acly7kb@10000 scope=pair band=0-7 order=baseline nodes=5 rank1=5 median=1 mean=1.000000 cdf1=5 cdf2=5 cdf4=5 cdf8=5 cdf16=5 hist=[5, 0, 0, 0, 0, 0, 0, 0] children_median=10 children_mean=8.600000
ORDERING_SUMMARY label=acly7kb@10000 scope=pair band=0-7 order=zone_bound nodes=5 rank1=5 median=1 mean=1.000000 cdf1=5 cdf2=5 cdf4=5 cdf8=5 cdf16=5 hist=[5, 0, 0, 0, 0, 0, 0, 0] children_median=10 children_mean=8.600000
ORDERING_SUMMARY label=acly7kb@10000 scope=pair band=0-7 order=census_distance nodes=5 rank1=5 median=1 mean=1.000000 cdf1=5 cdf2=5 cdf4=5 cdf8=5 cdf16=5 hist=[5, 0, 0, 0, 0, 0, 0, 0] children_median=10 children_mean=8.600000
ORDERING_SUMMARY label=acly7kb@10000 scope=pair band=0-7 order=gate_adjacency nodes=5 rank1=5 median=1 mean=1.000000 cdf1=5 cdf2=5 cdf4=5 cdf8=5 cdf16=5 hist=[5, 0, 0, 0, 0, 0, 0, 0] children_median=10 children_mean=8.600000
ORDERING_SUMMARY label=acly7kb@10000 scope=pair band=0-7 order=d_stone nodes=5 rank1=5 median=1 mean=1.000000 cdf1=5 cdf2=5 cdf4=5 cdf8=5 cdf16=5 hist=[5, 0, 0, 0, 0, 0, 0, 0] children_median=10 children_mean=8.600000
ORDERING_SUMMARY label=acly7kb@10000 scope=pair band=0-7 order=census_zone_composite nodes=5 rank1=5 median=1 mean=1.000000 cdf1=5 cdf2=5 cdf4=5 cdf8=5 cdf16=5 hist=[5, 0, 0, 0, 0, 0, 0, 0] children_median=10 children_mean=8.600000
ORDERING_SUMMARY label=acly7kb@10000 scope=pair band=0-7 order=zone_gate_composite nodes=5 rank1=5 median=1 mean=1.000000 cdf1=5 cdf2=5 cdf4=5 cdf8=5 cdf16=5 hist=[5, 0, 0, 0, 0, 0, 0, 0] children_median=10 children_mean=8.600000
ORDERING_SUMMARY label=acly7kb@10000 scope=pair band=8-15 order=baseline nodes=8 rank1=0 median=7 mean=7.000000 cdf1=0 cdf2=0 cdf4=0 cdf8=8 cdf16=8 hist=[0, 0, 0, 0, 8, 0, 0, 0] children_median=9 children_mean=9.000000
ORDERING_SUMMARY label=acly7kb@10000 scope=pair band=8-15 order=zone_bound nodes=8 rank1=0 median=7 mean=7.000000 cdf1=0 cdf2=0 cdf4=0 cdf8=8 cdf16=8 hist=[0, 0, 0, 0, 8, 0, 0, 0] children_median=9 children_mean=9.000000
ORDERING_SUMMARY label=acly7kb@10000 scope=pair band=8-15 order=census_distance nodes=8 rank1=0 median=7 mean=7.000000 cdf1=0 cdf2=0 cdf4=0 cdf8=8 cdf16=8 hist=[0, 0, 0, 0, 8, 0, 0, 0] children_median=9 children_mean=9.000000
ORDERING_SUMMARY label=acly7kb@10000 scope=pair band=8-15 order=gate_adjacency nodes=8 rank1=0 median=7 mean=7.000000 cdf1=0 cdf2=0 cdf4=0 cdf8=8 cdf16=8 hist=[0, 0, 0, 0, 8, 0, 0, 0] children_median=9 children_mean=9.000000
ORDERING_SUMMARY label=acly7kb@10000 scope=pair band=8-15 order=d_stone nodes=8 rank1=0 median=7 mean=7.000000 cdf1=0 cdf2=0 cdf4=0 cdf8=8 cdf16=8 hist=[0, 0, 0, 0, 8, 0, 0, 0] children_median=9 children_mean=9.000000
ORDERING_SUMMARY label=acly7kb@10000 scope=pair band=8-15 order=census_zone_composite nodes=8 rank1=0 median=7 mean=7.000000 cdf1=0 cdf2=0 cdf4=0 cdf8=8 cdf16=8 hist=[0, 0, 0, 0, 8, 0, 0, 0] children_median=9 children_mean=9.000000
ORDERING_SUMMARY label=acly7kb@10000 scope=pair band=8-15 order=zone_gate_composite nodes=8 rank1=0 median=7 mean=7.000000 cdf1=0 cdf2=0 cdf4=0 cdf8=8 cdf16=8 hist=[0, 0, 0, 0, 8, 0, 0, 0] children_median=9 children_mean=9.000000
CLOSURE_ROW id=acly7kb cap=10000 evaluated=0 accepted=0 retained=0 selected=0 linked=0 expanded=0 winning_choices=0 winning_rank_bins=[0, 0, 0, 0, 0, 0, 0, 0] reveal_evaluated=0 reveal_prefix=0 pair_ms=0.000 gate_ms=0.000 second_ms=0.000 eval_ms=0.000 dedup_ms=0.000 avoid_second_ms=0.000 avoid_eval_ms=0.000 avoid_dedup_ms=0.000
THRESHOLD_ROW id=acly7kb cap=10000 visits=0 revisits=0 threshold_crosses=0 reselections=0 sibling_switches=0 residencies=0 residency_expansions=0 expansion_bins=[0, 0, 0, 0, 0, 0, 0, 0] descent_ms=0.000 state_ms=0.000
FRONTIER_CENSUS_ROW id=acly7kb cap=10000 first_refusal=None choice_pre=[0, 0, 0, 0, 0, 0, 0, 0, 0, 0, 0, 0, 0] choice_post=[0, 0, 0, 0, 0, 0, 0, 0, 0, 0, 0, 0, 0] universal_pre=[0, 0, 0, 0, 0, 0, 0, 0, 0, 0, 0, 0, 0] universal_post=[0, 0, 0, 0, 0, 0, 0, 0, 0, 0, 0, 0, 0] unclassified_pre=0 unclassified_post=0 sentinel_inherited_hits=[0, 0] sentinel_inherited_clamps=[0, 0] sentinel_increment_hits=0 sentinel_increment_clamps=0 sentinel_sum_hits=[0, 0]
FRAGMENT_PROFILE id=acly7kb cap=10000 lookups=0 hits=0 imports=0 store_entries=0 store_bytes=0
GEN_PROFILE pair_ms=188594 defender_ms=156585 regen_ms=34301 expand_ms=349982 refresh_ms=10570 insert_ms=2696
CORPUS id=g2xx6wl cap=10000 status=WIN expect=WIN nodes=4107 expansions=4106 tt_entries=4098 tt_hits=0 tt_bytes_cap=1073741824 peak_tt_bytes=1488570 stage_refreshes=17 gate_evals=0 gate_dismissals=0 gate_us=0.000 seed_scans=0 seed_ms=0.000 ms=630.6
ORDERING_SUMMARY label=g2xx6wl@10000 scope=all_choice band=all order=baseline nodes=96 rank1=39 median=10 mean=22.135417 cdf1=39 cdf2=39 cdf4=39 cdf8=39 cdf16=59 hist=[39, 0, 0, 0, 0, 20, 1, 36] children_median=56 children_mean=49.812500
ORDERING_SUMMARY label=g2xx6wl@10000 scope=all_choice band=all order=zone_bound nodes=96 rank1=39 median=2 mean=8.625000 cdf1=39 cdf2=51 cdf4=51 cdf8=56 cdf16=72 hist=[39, 12, 0, 0, 5, 16, 24, 0] children_median=56 children_mean=49.812500
ORDERING_SUMMARY label=g2xx6wl@10000 scope=all_choice band=all order=census_distance nodes=96 rank1=39 median=10 mean=22.135417 cdf1=39 cdf2=39 cdf4=39 cdf8=39 cdf16=59 hist=[39, 0, 0, 0, 0, 20, 1, 36] children_median=56 children_mean=49.812500
ORDERING_SUMMARY label=g2xx6wl@10000 scope=all_choice band=all order=gate_adjacency nodes=96 rank1=39 median=10 mean=22.135417 cdf1=39 cdf2=39 cdf4=39 cdf8=39 cdf16=59 hist=[39, 0, 0, 0, 0, 20, 1, 36] children_median=56 children_mean=49.812500
ORDERING_SUMMARY label=g2xx6wl@10000 scope=all_choice band=all order=d_stone nodes=96 rank1=39 median=6 mean=19.885417 cdf1=39 cdf2=39 cdf4=39 cdf8=55 cdf16=59 hist=[39, 0, 0, 0, 16, 4, 1, 36] children_median=56 children_mean=49.812500
ORDERING_SUMMARY label=g2xx6wl@10000 scope=all_choice band=all order=census_zone_composite nodes=96 rank1=39 median=2 mean=8.541667 cdf1=39 cdf2=51 cdf4=51 cdf8=56 cdf16=72 hist=[39, 12, 0, 0, 5, 16, 24, 0] children_median=56 children_mean=49.812500
ORDERING_SUMMARY label=g2xx6wl@10000 scope=all_choice band=all order=zone_gate_composite nodes=96 rank1=39 median=2 mean=8.541667 cdf1=39 cdf2=51 cdf4=51 cdf8=56 cdf16=72 hist=[39, 12, 0, 0, 5, 16, 24, 0] children_median=56 children_mean=49.812500
ORDERING_SUMMARY label=g2xx6wl@10000 scope=pair band=all order=baseline nodes=96 rank1=39 median=10 mean=22.135417 cdf1=39 cdf2=39 cdf4=39 cdf8=39 cdf16=59 hist=[39, 0, 0, 0, 0, 20, 1, 36] children_median=56 children_mean=49.812500
ORDERING_SUMMARY label=g2xx6wl@10000 scope=pair band=all order=zone_bound nodes=96 rank1=39 median=2 mean=8.625000 cdf1=39 cdf2=51 cdf4=51 cdf8=56 cdf16=72 hist=[39, 12, 0, 0, 5, 16, 24, 0] children_median=56 children_mean=49.812500
ORDERING_SUMMARY label=g2xx6wl@10000 scope=pair band=all order=census_distance nodes=96 rank1=39 median=10 mean=22.135417 cdf1=39 cdf2=39 cdf4=39 cdf8=39 cdf16=59 hist=[39, 0, 0, 0, 0, 20, 1, 36] children_median=56 children_mean=49.812500
ORDERING_SUMMARY label=g2xx6wl@10000 scope=pair band=all order=gate_adjacency nodes=96 rank1=39 median=10 mean=22.135417 cdf1=39 cdf2=39 cdf4=39 cdf8=39 cdf16=59 hist=[39, 0, 0, 0, 0, 20, 1, 36] children_median=56 children_mean=49.812500
ORDERING_SUMMARY label=g2xx6wl@10000 scope=pair band=all order=d_stone nodes=96 rank1=39 median=6 mean=19.885417 cdf1=39 cdf2=39 cdf4=39 cdf8=55 cdf16=59 hist=[39, 0, 0, 0, 16, 4, 1, 36] children_median=56 children_mean=49.812500
ORDERING_SUMMARY label=g2xx6wl@10000 scope=pair band=all order=census_zone_composite nodes=96 rank1=39 median=2 mean=8.541667 cdf1=39 cdf2=51 cdf4=51 cdf8=56 cdf16=72 hist=[39, 12, 0, 0, 5, 16, 24, 0] children_median=56 children_mean=49.812500
ORDERING_SUMMARY label=g2xx6wl@10000 scope=pair band=all order=zone_gate_composite nodes=96 rank1=39 median=2 mean=8.541667 cdf1=39 cdf2=51 cdf4=51 cdf8=56 cdf16=72 hist=[39, 12, 0, 0, 5, 16, 24, 0] children_median=56 children_mean=49.812500
ORDERING_SUMMARY label=g2xx6wl@10000 scope=pair band=0-7 order=baseline nodes=5 rank1=0 median=12 mean=15.600000 cdf1=0 cdf2=0 cdf4=0 cdf8=0 cdf16=4 hist=[0, 0, 0, 0, 0, 4, 1, 0] children_median=13 children_mean=16.600000
ORDERING_SUMMARY label=g2xx6wl@10000 scope=pair band=0-7 order=zone_bound nodes=5 rank1=0 median=13 mean=11.400000 cdf1=0 cdf2=0 cdf4=0 cdf8=1 cdf16=5 hist=[0, 0, 0, 0, 1, 4, 0, 0] children_median=13 children_mean=16.600000
ORDERING_SUMMARY label=g2xx6wl@10000 scope=pair band=0-7 order=census_distance nodes=5 rank1=0 median=12 mean=15.600000 cdf1=0 cdf2=0 cdf4=0 cdf8=0 cdf16=4 hist=[0, 0, 0, 0, 0, 4, 1, 0] children_median=13 children_mean=16.600000
ORDERING_SUMMARY label=g2xx6wl@10000 scope=pair band=0-7 order=gate_adjacency nodes=5 rank1=0 median=12 mean=15.600000 cdf1=0 cdf2=0 cdf4=0 cdf8=0 cdf16=4 hist=[0, 0, 0, 0, 0, 4, 1, 0] children_median=13 children_mean=16.600000
ORDERING_SUMMARY label=g2xx6wl@10000 scope=pair band=0-7 order=d_stone nodes=5 rank1=0 median=13 mean=14.000000 cdf1=0 cdf2=0 cdf4=0 cdf8=0 cdf16=4 hist=[0, 0, 0, 0, 0, 4, 1, 0] children_median=13 children_mean=16.600000
ORDERING_SUMMARY label=g2xx6wl@10000 scope=pair band=0-7 order=census_zone_composite nodes=5 rank1=0 median=13 mean=11.400000 cdf1=0 cdf2=0 cdf4=0 cdf8=1 cdf16=5 hist=[0, 0, 0, 0, 1, 4, 0, 0] children_median=13 children_mean=16.600000
ORDERING_SUMMARY label=g2xx6wl@10000 scope=pair band=0-7 order=zone_gate_composite nodes=5 rank1=0 median=13 mean=11.400000 cdf1=0 cdf2=0 cdf4=0 cdf8=1 cdf16=5 hist=[0, 0, 0, 0, 1, 4, 0, 0] children_median=13 children_mean=16.600000
ORDERING_SUMMARY label=g2xx6wl@10000 scope=pair band=8-15 order=baseline nodes=55 rank1=39 median=1 mean=3.618182 cdf1=39 cdf2=39 cdf4=39 cdf8=39 cdf16=55 hist=[39, 0, 0, 0, 0, 16, 0, 0] children_median=51 children_mean=41.254545
ORDERING_SUMMARY label=g2xx6wl@10000 scope=pair band=8-15 order=zone_bound nodes=55 rank1=39 median=1 mean=1.654545 cdf1=39 cdf2=51 cdf4=51 cdf8=55 cdf16=55 hist=[39, 12, 0, 0, 4, 0, 0, 0] children_median=51 children_mean=41.254545
ORDERING_SUMMARY label=g2xx6wl@10000 scope=pair band=8-15 order=census_distance nodes=55 rank1=39 median=1 mean=3.618182 cdf1=39 cdf2=39 cdf4=39 cdf8=39 cdf16=55 hist=[39, 0, 0, 0, 0, 16, 0, 0] children_median=51 children_mean=41.254545
ORDERING_SUMMARY label=g2xx6wl@10000 scope=pair band=8-15 order=gate_adjacency nodes=55 rank1=39 median=1 mean=3.618182 cdf1=39 cdf2=39 cdf4=39 cdf8=39 cdf16=55 hist=[39, 0, 0, 0, 0, 16, 0, 0] children_median=51 children_mean=41.254545
ORDERING_SUMMARY label=g2xx6wl@10000 scope=pair band=8-15 order=d_stone nodes=55 rank1=39 median=1 mean=2.454545 cdf1=39 cdf2=39 cdf4=39 cdf8=55 cdf16=55 hist=[39, 0, 0, 0, 16, 0, 0, 0] children_median=51 children_mean=41.254545
ORDERING_SUMMARY label=g2xx6wl@10000 scope=pair band=8-15 order=census_zone_composite nodes=55 rank1=39 median=1 mean=1.509091 cdf1=39 cdf2=51 cdf4=51 cdf8=55 cdf16=55 hist=[39, 12, 0, 0, 4, 0, 0, 0] children_median=51 children_mean=41.254545
ORDERING_SUMMARY label=g2xx6wl@10000 scope=pair band=8-15 order=zone_gate_composite nodes=55 rank1=39 median=1 mean=1.509091 cdf1=39 cdf2=51 cdf4=51 cdf8=55 cdf16=55 hist=[39, 12, 0, 0, 4, 0, 0, 0] children_median=51 children_mean=41.254545
ORDERING_SUMMARY label=g2xx6wl@10000 scope=pair band=16plus order=baseline nodes=36 rank1=0 median=52 mean=51.333333 cdf1=0 cdf2=0 cdf4=0 cdf8=0 cdf16=0 hist=[0, 0, 0, 0, 0, 0, 0, 36] children_median=67 children_mean=67.500000
ORDERING_SUMMARY label=g2xx6wl@10000 scope=pair band=16plus order=zone_bound nodes=36 rank1=0 median=20 mean=18.888889 cdf1=0 cdf2=0 cdf4=0 cdf8=0 cdf16=12 hist=[0, 0, 0, 0, 0, 12, 24, 0] children_median=67 children_mean=67.500000
ORDERING_SUMMARY label=g2xx6wl@10000 scope=pair band=16plus order=census_distance nodes=36 rank1=0 median=52 mean=51.333333 cdf1=0 cdf2=0 cdf4=0 cdf8=0 cdf16=0 hist=[0, 0, 0, 0, 0, 0, 0, 36] children_median=67 children_mean=67.500000
ORDERING_SUMMARY label=g2xx6wl@10000 scope=pair band=16plus order=gate_adjacency nodes=36 rank1=0 median=52 mean=51.333333 cdf1=0 cdf2=0 cdf4=0 cdf8=0 cdf16=0 hist=[0, 0, 0, 0, 0, 0, 0, 36] children_median=67 children_mean=67.500000
ORDERING_SUMMARY label=g2xx6wl@10000 scope=pair band=16plus order=d_stone nodes=36 rank1=0 median=48 mean=47.333333 cdf1=0 cdf2=0 cdf4=0 cdf8=0 cdf16=0 hist=[0, 0, 0, 0, 0, 0, 0, 36] children_median=67 children_mean=67.500000
ORDERING_SUMMARY label=g2xx6wl@10000 scope=pair band=16plus order=census_zone_composite nodes=36 rank1=0 median=20 mean=18.888889 cdf1=0 cdf2=0 cdf4=0 cdf8=0 cdf16=12 hist=[0, 0, 0, 0, 0, 12, 24, 0] children_median=67 children_mean=67.500000
ORDERING_SUMMARY label=g2xx6wl@10000 scope=pair band=16plus order=zone_gate_composite nodes=36 rank1=0 median=20 mean=18.888889 cdf1=0 cdf2=0 cdf4=0 cdf8=0 cdf16=12 hist=[0, 0, 0, 0, 0, 12, 24, 0] children_median=67 children_mean=67.500000
CLOSURE_ROW id=g2xx6wl cap=10000 evaluated=0 accepted=0 retained=0 selected=0 linked=0 expanded=0 winning_choices=0 winning_rank_bins=[0, 0, 0, 0, 0, 0, 0, 0] reveal_evaluated=0 reveal_prefix=0 pair_ms=0.000 gate_ms=0.000 second_ms=0.000 eval_ms=0.000 dedup_ms=0.000 avoid_second_ms=0.000 avoid_eval_ms=0.000 avoid_dedup_ms=0.000
THRESHOLD_ROW id=g2xx6wl cap=10000 visits=0 revisits=0 threshold_crosses=0 reselections=0 sibling_switches=0 residencies=0 residency_expansions=0 expansion_bins=[0, 0, 0, 0, 0, 0, 0, 0] descent_ms=0.000 state_ms=0.000
FRONTIER_CENSUS_ROW id=g2xx6wl cap=10000 first_refusal=None choice_pre=[0, 0, 0, 0, 0, 0, 0, 0, 0, 0, 0, 0, 0] choice_post=[0, 0, 0, 0, 0, 0, 0, 0, 0, 0, 0, 0, 0] universal_pre=[0, 0, 0, 0, 0, 0, 0, 0, 0, 0, 0, 0, 0] universal_post=[0, 0, 0, 0, 0, 0, 0, 0, 0, 0, 0, 0, 0] unclassified_pre=0 unclassified_post=0 sentinel_inherited_hits=[0, 0] sentinel_inherited_clamps=[0, 0] sentinel_increment_hits=0 sentinel_increment_clamps=0 sentinel_sum_hits=[0, 0]
FRAGMENT_PROFILE id=g2xx6wl cap=10000 lookups=0 hits=0 imports=0 store_entries=0 store_bytes=0
GEN_PROFILE pair_ms=188932 defender_ms=156794 regen_ms=34362 expand_ms=350535 refresh_ms=10581 insert_ms=2699
CORPUS id=jnzzmcm cap=10000 status=WIN expect=WIN nodes=9798 expansions=9797 tt_entries=9786 tt_hits=12 tt_bytes_cap=1073741824 peak_tt_bytes=2224728 stage_refreshes=23 gate_evals=0 gate_dismissals=0 gate_us=0.000 seed_scans=0 seed_ms=0.000 ms=1053.7
ORDERING_SUMMARY label=jnzzmcm@10000 scope=all_choice band=all order=baseline nodes=550 rank1=8 median=5 mean=9.525455 cdf1=8 cdf2=8 cdf4=8 cdf8=392 cdf16=478 hist=[8, 0, 0, 0, 384, 86, 72, 0] children_median=75 children_mean=69.125455
ORDERING_SUMMARY label=jnzzmcm@10000 scope=all_choice band=all order=zone_bound nodes=550 rank1=8 median=4 mean=8.460000 cdf1=8 cdf2=8 cdf4=400 cdf8=400 cdf16=477 hist=[8, 0, 8, 384, 0, 77, 49, 24] children_median=75 children_mean=69.125455
ORDERING_SUMMARY label=jnzzmcm@10000 scope=all_choice band=all order=census_distance nodes=550 rank1=8 median=7 mean=10.138182 cdf1=8 cdf2=8 cdf4=8 cdf8=392 cdf16=478 hist=[8, 0, 0, 0, 384, 86, 72, 0] children_median=75 children_mean=69.125455
ORDERING_SUMMARY label=jnzzmcm@10000 scope=all_choice band=all order=gate_adjacency nodes=550 rank1=8 median=5 mean=9.525455 cdf1=8 cdf2=8 cdf4=8 cdf8=392 cdf16=478 hist=[8, 0, 0, 0, 384, 86, 72, 0] children_median=75 children_mean=69.125455
ORDERING_SUMMARY label=jnzzmcm@10000 scope=all_choice band=all order=d_stone nodes=550 rank1=8 median=5 mean=9.305455 cdf1=8 cdf2=8 cdf4=8 cdf8=392 cdf16=478 hist=[8, 0, 0, 0, 384, 86, 72, 0] children_median=75 children_mean=69.125455
ORDERING_SUMMARY label=jnzzmcm@10000 scope=all_choice band=all order=census_zone_composite nodes=550 rank1=8 median=6 mean=9.590909 cdf1=8 cdf2=8 cdf4=16 cdf8=400 cdf16=477 hist=[8, 0, 0, 8, 384, 77, 49, 24] children_median=75 children_mean=69.125455
ORDERING_SUMMARY label=jnzzmcm@10000 scope=all_choice band=all order=zone_gate_composite nodes=550 rank1=8 median=5 mean=8.529091 cdf1=8 cdf2=8 cdf4=256 cdf8=400 cdf16=477 hist=[8, 0, 8, 240, 144, 77, 49, 24] children_median=75 children_mean=69.125455
ORDERING_SUMMARY label=jnzzmcm@10000 scope=pair band=all order=baseline nodes=550 rank1=8 median=5 mean=9.525455 cdf1=8 cdf2=8 cdf4=8 cdf8=392 cdf16=478 hist=[8, 0, 0, 0, 384, 86, 72, 0] children_median=75 children_mean=69.125455
ORDERING_SUMMARY label=jnzzmcm@10000 scope=pair band=all order=zone_bound nodes=550 rank1=8 median=4 mean=8.460000 cdf1=8 cdf2=8 cdf4=400 cdf8=400 cdf16=477 hist=[8, 0, 8, 384, 0, 77, 49, 24] children_median=75 children_mean=69.125455
ORDERING_SUMMARY label=jnzzmcm@10000 scope=pair band=all order=census_distance nodes=550 rank1=8 median=7 mean=10.138182 cdf1=8 cdf2=8 cdf4=8 cdf8=392 cdf16=478 hist=[8, 0, 0, 0, 384, 86, 72, 0] children_median=75 children_mean=69.125455
ORDERING_SUMMARY label=jnzzmcm@10000 scope=pair band=all order=gate_adjacency nodes=550 rank1=8 median=5 mean=9.525455 cdf1=8 cdf2=8 cdf4=8 cdf8=392 cdf16=478 hist=[8, 0, 0, 0, 384, 86, 72, 0] children_median=75 children_mean=69.125455
ORDERING_SUMMARY label=jnzzmcm@10000 scope=pair band=all order=d_stone nodes=550 rank1=8 median=5 mean=9.305455 cdf1=8 cdf2=8 cdf4=8 cdf8=392 cdf16=478 hist=[8, 0, 0, 0, 384, 86, 72, 0] children_median=75 children_mean=69.125455
ORDERING_SUMMARY label=jnzzmcm@10000 scope=pair band=all order=census_zone_composite nodes=550 rank1=8 median=6 mean=9.590909 cdf1=8 cdf2=8 cdf4=16 cdf8=400 cdf16=477 hist=[8, 0, 0, 8, 384, 77, 49, 24] children_median=75 children_mean=69.125455
ORDERING_SUMMARY label=jnzzmcm@10000 scope=pair band=all order=zone_gate_composite nodes=550 rank1=8 median=5 mean=8.529091 cdf1=8 cdf2=8 cdf4=256 cdf8=400 cdf16=477 hist=[8, 0, 8, 240, 144, 77, 49, 24] children_median=75 children_mean=69.125455
ORDERING_SUMMARY label=jnzzmcm@10000 scope=pair band=0-7 order=baseline nodes=6 rank1=0 median=14 mean=13.166667 cdf1=0 cdf2=0 cdf4=0 cdf8=0 cdf16=6 hist=[0, 0, 0, 0, 0, 6, 0, 0] children_median=17 children_mean=19.166667
ORDERING_SUMMARY label=jnzzmcm@10000 scope=pair band=0-7 order=zone_bound nodes=6 rank1=0 median=13 mean=14.166667 cdf1=0 cdf2=0 cdf4=0 cdf8=0 cdf16=5 hist=[0, 0, 0, 0, 0, 5, 1, 0] children_median=17 children_mean=19.166667
ORDERING_SUMMARY label=jnzzmcm@10000 scope=pair band=0-7 order=census_distance nodes=6 rank1=0 median=14 mean=13.333333 cdf1=0 cdf2=0 cdf4=0 cdf8=0 cdf16=6 hist=[0, 0, 0, 0, 0, 6, 0, 0] children_median=17 children_mean=19.166667
ORDERING_SUMMARY label=jnzzmcm@10000 scope=pair band=0-7 order=gate_adjacency nodes=6 rank1=0 median=14 mean=13.166667 cdf1=0 cdf2=0 cdf4=0 cdf8=0 cdf16=6 hist=[0, 0, 0, 0, 0, 6, 0, 0] children_median=17 children_mean=19.166667
ORDERING_SUMMARY label=jnzzmcm@10000 scope=pair band=0-7 order=d_stone nodes=6 rank1=0 median=12 mean=11.666667 cdf1=0 cdf2=0 cdf4=0 cdf8=0 cdf16=6 hist=[0, 0, 0, 0, 0, 6, 0, 0] children_median=17 children_mean=19.166667
ORDERING_SUMMARY label=jnzzmcm@10000 scope=pair band=0-7 order=census_zone_composite nodes=6 rank1=0 median=11 mean=12.500000 cdf1=0 cdf2=0 cdf4=0 cdf8=0 cdf16=5 hist=[0, 0, 0, 0, 0, 5, 1, 0] children_median=17 children_mean=19.166667
ORDERING_SUMMARY label=jnzzmcm@10000 scope=pair band=0-7 order=zone_gate_composite nodes=6 rank1=0 median=11 mean=12.500000 cdf1=0 cdf2=0 cdf4=0 cdf8=0 cdf16=5 hist=[0, 0, 0, 0, 0, 5, 1, 0] children_median=17 children_mean=19.166667
ORDERING_SUMMARY label=jnzzmcm@10000 scope=pair band=8-15 order=baseline nodes=64 rank1=8 median=11 mean=16.875000 cdf1=8 cdf2=8 cdf4=8 cdf8=8 cdf16=40 hist=[8, 0, 0, 0, 0, 32, 24, 0] children_median=14 children_mean=19.125000
ORDERING_SUMMARY label=jnzzmcm@10000 scope=pair band=8-15 order=zone_bound nodes=64 rank1=8 median=14 mean=18.125000 cdf1=8 cdf2=8 cdf4=16 cdf8=16 cdf16=40 hist=[8, 0, 8, 0, 0, 24, 0, 24] children_median=14 children_mean=19.125000
ORDERING_SUMMARY label=jnzzmcm@10000 scope=pair band=8-15 order=census_distance nodes=64 rank1=8 median=11 mean=16.875000 cdf1=8 cdf2=8 cdf4=8 cdf8=8 cdf16=40 hist=[8, 0, 0, 0, 0, 32, 24, 0] children_median=14 children_mean=19.125000
ORDERING_SUMMARY label=jnzzmcm@10000 scope=pair band=8-15 order=gate_adjacency nodes=64 rank1=8 median=11 mean=16.875000 cdf1=8 cdf2=8 cdf4=8 cdf8=8 cdf16=40 hist=[8, 0, 0, 0, 0, 32, 24, 0] children_median=14 children_mean=19.125000
ORDERING_SUMMARY label=jnzzmcm@10000 scope=pair band=8-15 order=d_stone nodes=64 rank1=8 median=13 mean=18.125000 cdf1=8 cdf2=8 cdf4=8 cdf8=8 cdf16=40 hist=[8, 0, 0, 0, 0, 32, 24, 0] children_median=14 children_mean=19.125000
ORDERING_SUMMARY label=jnzzmcm@10000 scope=pair band=8-15 order=census_zone_composite nodes=64 rank1=8 median=14 mean=18.250000 cdf1=8 cdf2=8 cdf4=16 cdf8=16 cdf16=40 hist=[8, 0, 0, 8, 0, 24, 0, 24] children_median=14 children_mean=19.125000
ORDERING_SUMMARY label=jnzzmcm@10000 scope=pair band=8-15 order=zone_gate_composite nodes=64 rank1=8 median=14 mean=18.125000 cdf1=8 cdf2=8 cdf4=16 cdf8=16 cdf16=40 hist=[8, 0, 8, 0, 0, 24, 0, 24] children_median=14 children_mean=19.125000
ORDERING_SUMMARY label=jnzzmcm@10000 scope=pair band=16plus order=baseline nodes=480 rank1=0 median=5 mean=8.500000 cdf1=0 cdf2=0 cdf4=0 cdf8=384 cdf16=432 hist=[0, 0, 0, 0, 384, 48, 48, 0] children_median=84 children_mean=76.416667
ORDERING_SUMMARY label=jnzzmcm@10000 scope=pair band=16plus order=zone_bound nodes=480 rank1=0 median=4 mean=7.100000 cdf1=0 cdf2=0 cdf4=384 cdf8=384 cdf16=432 hist=[0, 0, 0, 384, 0, 48, 48, 0] children_median=84 children_mean=76.416667
ORDERING_SUMMARY label=jnzzmcm@10000 scope=pair band=16plus order=census_distance nodes=480 rank1=0 median=7 mean=9.200000 cdf1=0 cdf2=0 cdf4=0 cdf8=384 cdf16=432 hist=[0, 0, 0, 0, 384, 48, 48, 0] children_median=84 children_mean=76.416667
ORDERING_SUMMARY label=jnzzmcm@10000 scope=pair band=16plus order=gate_adjacency nodes=480 rank1=0 median=5 mean=8.500000 cdf1=0 cdf2=0 cdf4=0 cdf8=384 cdf16=432 hist=[0, 0, 0, 0, 384, 48, 48, 0] children_median=84 children_mean=76.416667
ORDERING_SUMMARY label=jnzzmcm@10000 scope=pair band=16plus order=d_stone nodes=480 rank1=0 median=5 mean=8.100000 cdf1=0 cdf2=0 cdf4=0 cdf8=384 cdf16=432 hist=[0, 0, 0, 0, 384, 48, 48, 0] children_median=84 children_mean=76.416667
ORDERING_SUMMARY label=jnzzmcm@10000 scope=pair band=16plus order=census_zone_composite nodes=480 rank1=0 median=6 mean=8.400000 cdf1=0 cdf2=0 cdf4=0 cdf8=384 cdf16=432 hist=[0, 0, 0, 0, 384, 48, 48, 0] children_median=84 children_mean=76.416667
ORDERING_SUMMARY label=jnzzmcm@10000 scope=pair band=16plus order=zone_gate_composite nodes=480 rank1=0 median=4 mean=7.200000 cdf1=0 cdf2=0 cdf4=240 cdf8=384 cdf16=432 hist=[0, 0, 0, 240, 144, 48, 48, 0] children_median=84 children_mean=76.416667
CLOSURE_ROW id=jnzzmcm cap=10000 evaluated=0 accepted=0 retained=0 selected=0 linked=0 expanded=0 winning_choices=0 winning_rank_bins=[0, 0, 0, 0, 0, 0, 0, 0] reveal_evaluated=0 reveal_prefix=0 pair_ms=0.000 gate_ms=0.000 second_ms=0.000 eval_ms=0.000 dedup_ms=0.000 avoid_second_ms=0.000 avoid_eval_ms=0.000 avoid_dedup_ms=0.000
THRESHOLD_ROW id=jnzzmcm cap=10000 visits=0 revisits=0 threshold_crosses=0 reselections=0 sibling_switches=0 residencies=0 residency_expansions=0 expansion_bins=[0, 0, 0, 0, 0, 0, 0, 0] descent_ms=0.000 state_ms=0.000
FRONTIER_CENSUS_ROW id=jnzzmcm cap=10000 first_refusal=None choice_pre=[0, 0, 0, 0, 0, 0, 0, 0, 0, 0, 0, 0, 0] choice_post=[0, 0, 0, 0, 0, 0, 0, 0, 0, 0, 0, 0, 0] universal_pre=[0, 0, 0, 0, 0, 0, 0, 0, 0, 0, 0, 0, 0] universal_post=[0, 0, 0, 0, 0, 0, 0, 0, 0, 0, 0, 0, 0] unclassified_pre=0 unclassified_post=0 sentinel_inherited_hits=[0, 0] sentinel_inherited_clamps=[0, 0] sentinel_increment_hits=0 sentinel_increment_clamps=0 sentinel_sum_hits=[0, 0]
FRAGMENT_PROFILE id=jnzzmcm cap=10000 lookups=0 hits=0 imports=0 store_entries=0 store_bytes=0
GEN_PROFILE pair_ms=189432 defender_ms=157152 regen_ms=34432 expand_ms=351405 refresh_ms=10595 insert_ms=2704
CORPUS id=lz60mfb cap=10000 status=UNKNOWN expect=WIN nodes=10000 expansions=9999 tt_entries=9970 tt_hits=251 tt_bytes_cap=1073741824 peak_tt_bytes=2181248 stage_refreshes=59 gate_evals=0 gate_dismissals=0 gate_us=0.000 seed_scans=0 seed_ms=0.000 ms=1134.9
ORDERING_SUMMARY label=lz60mfb@10000 scope=all_choice band=all order=baseline nodes=388 rank1=46 median=6 mean=11.430412 cdf1=46 cdf2=59 cdf4=99 cdf8=262 cdf16=299 hist=[46, 13, 30, 10, 163, 37, 67, 22] children_median=31 children_mean=38.113402
ORDERING_SUMMARY label=lz60mfb@10000 scope=all_choice band=all order=zone_bound nodes=388 rank1=52 median=5 mean=15.092784 cdf1=52 cdf2=127 cdf4=192 cdf8=229 cdf16=275 hist=[52, 75, 48, 17, 37, 46, 42, 71] children_median=31 children_mean=38.113402
ORDERING_SUMMARY label=lz60mfb@10000 scope=all_choice band=all order=census_distance nodes=388 rank1=46 median=7 mean=11.731959 cdf1=46 cdf2=59 cdf4=99 cdf8=251 cdf16=299 hist=[46, 13, 29, 11, 152, 48, 67, 22] children_median=31 children_mean=38.113402
ORDERING_SUMMARY label=lz60mfb@10000 scope=all_choice band=all order=gate_adjacency nodes=388 rank1=50 median=6 mean=11.448454 cdf1=50 cdf2=59 cdf4=96 cdf8=260 cdf16=299 hist=[50, 9, 24, 13, 164, 39, 67, 22] children_median=31 children_mean=38.113402
ORDERING_SUMMARY label=lz60mfb@10000 scope=all_choice band=all order=d_stone nodes=388 rank1=46 median=6 mean=10.801546 cdf1=46 cdf2=59 cdf4=99 cdf8=262 cdf16=305 hist=[46, 13, 30, 10, 163, 43, 61, 22] children_median=31 children_mean=38.113402
ORDERING_SUMMARY label=lz60mfb@10000 scope=all_choice band=all order=census_zone_composite nodes=388 rank1=23 median=5 mean=14.345361 cdf1=23 cdf2=106 cdf4=190 cdf8=245 cdf16=290 hist=[23, 83, 61, 23, 55, 45, 33, 65] children_median=31 children_mean=38.113402
ORDERING_SUMMARY label=lz60mfb@10000 scope=all_choice band=all order=zone_gate_composite nodes=388 rank1=53 median=5 mean=15.118557 cdf1=53 cdf2=127 cdf4=192 cdf8=229 cdf16=275 hist=[53, 74, 45, 20, 37, 46, 42, 71] children_median=31 children_mean=38.113402
ORDERING_SUMMARY label=lz60mfb@10000 scope=pair band=all order=baseline nodes=388 rank1=46 median=6 mean=11.430412 cdf1=46 cdf2=59 cdf4=99 cdf8=262 cdf16=299 hist=[46, 13, 30, 10, 163, 37, 67, 22] children_median=31 children_mean=38.113402
ORDERING_SUMMARY label=lz60mfb@10000 scope=pair band=all order=zone_bound nodes=388 rank1=52 median=5 mean=15.092784 cdf1=52 cdf2=127 cdf4=192 cdf8=229 cdf16=275 hist=[52, 75, 48, 17, 37, 46, 42, 71] children_median=31 children_mean=38.113402
ORDERING_SUMMARY label=lz60mfb@10000 scope=pair band=all order=census_distance nodes=388 rank1=46 median=7 mean=11.731959 cdf1=46 cdf2=59 cdf4=99 cdf8=251 cdf16=299 hist=[46, 13, 29, 11, 152, 48, 67, 22] children_median=31 children_mean=38.113402
ORDERING_SUMMARY label=lz60mfb@10000 scope=pair band=all order=gate_adjacency nodes=388 rank1=50 median=6 mean=11.448454 cdf1=50 cdf2=59 cdf4=96 cdf8=260 cdf16=299 hist=[50, 9, 24, 13, 164, 39, 67, 22] children_median=31 children_mean=38.113402
ORDERING_SUMMARY label=lz60mfb@10000 scope=pair band=all order=d_stone nodes=388 rank1=46 median=6 mean=10.801546 cdf1=46 cdf2=59 cdf4=99 cdf8=262 cdf16=305 hist=[46, 13, 30, 10, 163, 43, 61, 22] children_median=31 children_mean=38.113402
ORDERING_SUMMARY label=lz60mfb@10000 scope=pair band=all order=census_zone_composite nodes=388 rank1=23 median=5 mean=14.345361 cdf1=23 cdf2=106 cdf4=190 cdf8=245 cdf16=290 hist=[23, 83, 61, 23, 55, 45, 33, 65] children_median=31 children_mean=38.113402
ORDERING_SUMMARY label=lz60mfb@10000 scope=pair band=all order=zone_gate_composite nodes=388 rank1=53 median=5 mean=15.118557 cdf1=53 cdf2=127 cdf4=192 cdf8=229 cdf16=275 hist=[53, 74, 45, 20, 37, 46, 42, 71] children_median=31 children_mean=38.113402
ORDERING_SUMMARY label=lz60mfb@10000 scope=pair band=8-15 order=baseline nodes=13 rank1=4 median=4 mean=3.692308 cdf1=4 cdf2=5 cdf4=7 cdf8=13 cdf16=13 hist=[4, 1, 0, 2, 6, 0, 0, 0] children_median=6 children_mean=55.615385
ORDERING_SUMMARY label=lz60mfb@10000 scope=pair band=8-15 order=zone_bound nodes=13 rank1=3 median=2 mean=21.230769 cdf1=3 cdf2=7 cdf4=10 cdf8=11 cdf16=11 hist=[3, 4, 1, 2, 1, 0, 0, 2] children_median=6 children_mean=55.615385
ORDERING_SUMMARY label=lz60mfb@10000 scope=pair band=8-15 order=census_distance nodes=13 rank1=4 median=4 mean=4.846154 cdf1=4 cdf2=5 cdf4=7 cdf8=10 cdf16=13 hist=[4, 1, 0, 2, 3, 3, 0, 0] children_median=6 children_mean=55.615385
ORDERING_SUMMARY label=lz60mfb@10000 scope=pair band=8-15 order=gate_adjacency nodes=13 rank1=4 median=4 mean=3.692308 cdf1=4 cdf2=5 cdf4=7 cdf8=13 cdf16=13 hist=[4, 1, 0, 2, 6, 0, 0, 0] children_median=6 children_mean=55.615385
ORDERING_SUMMARY label=lz60mfb@10000 scope=pair band=8-15 order=d_stone nodes=13 rank1=4 median=4 mean=3.692308 cdf1=4 cdf2=5 cdf4=7 cdf8=13 cdf16=13 hist=[4, 1, 0, 2, 6, 0, 0, 0] children_median=6 children_mean=55.615385
ORDERING_SUMMARY label=lz60mfb@10000 scope=pair band=8-15 order=census_zone_composite nodes=13 rank1=3 median=4 mean=22.615385 cdf1=3 cdf2=4 cdf4=7 cdf8=11 cdf16=11 hist=[3, 1, 1, 2, 4, 0, 0, 2] children_median=6 children_mean=55.615385
ORDERING_SUMMARY label=lz60mfb@10000 scope=pair band=8-15 order=zone_gate_composite nodes=13 rank1=3 median=2 mean=21.230769 cdf1=3 cdf2=7 cdf4=10 cdf8=11 cdf16=11 hist=[3, 4, 1, 2, 1, 0, 0, 2] children_median=6 children_mean=55.615385
ORDERING_SUMMARY label=lz60mfb@10000 scope=pair band=16plus order=baseline nodes=375 rank1=42 median=6 mean=11.698667 cdf1=42 cdf2=54 cdf4=92 cdf8=249 cdf16=286 hist=[42, 12, 30, 8, 157, 37, 67, 22] children_median=31 children_mean=37.506667
ORDERING_SUMMARY label=lz60mfb@10000 scope=pair band=16plus order=zone_bound nodes=375 rank1=49 median=5 mean=14.880000 cdf1=49 cdf2=120 cdf4=182 cdf8=218 cdf16=264 hist=[49, 71, 47, 15, 36, 46, 42, 69] children_median=31 children_mean=37.506667
ORDERING_SUMMARY label=lz60mfb@10000 scope=pair band=16plus order=census_distance nodes=375 rank1=42 median=7 mean=11.970667 cdf1=42 cdf2=54 cdf4=92 cdf8=241 cdf16=286 hist=[42, 12, 29, 9, 149, 45, 67, 22] children_median=31 children_mean=37.506667
ORDERING_SUMMARY label=lz60mfb@10000 scope=pair band=16plus order=gate_adjacency nodes=375 rank1=46 median=6 mean=11.717333 cdf1=46 cdf2=54 cdf4=89 cdf8=247 cdf16=286 hist=[46, 8, 24, 11, 158, 39, 67, 22] children_median=31 children_mean=37.506667
ORDERING_SUMMARY label=lz60mfb@10000 scope=pair band=16plus order=d_stone nodes=375 rank1=42 median=6 mean=11.048000 cdf1=42 cdf2=54 cdf4=92 cdf8=249 cdf16=292 hist=[42, 12, 30, 8, 157, 43, 61, 22] children_median=31 children_mean=37.506667
ORDERING_SUMMARY label=lz60mfb@10000 scope=pair band=16plus order=census_zone_composite nodes=375 rank1=20 median=5 mean=14.058667 cdf1=20 cdf2=102 cdf4=183 cdf8=234 cdf16=279 hist=[20, 82, 60, 21, 51, 45, 33, 63] children_median=31 children_mean=37.506667
ORDERING_SUMMARY label=lz60mfb@10000 scope=pair band=16plus order=zone_gate_composite nodes=375 rank1=50 median=5 mean=14.906667 cdf1=50 cdf2=120 cdf4=182 cdf8=218 cdf16=264 hist=[50, 70, 44, 18, 36, 46, 42, 69] children_median=31 children_mean=37.506667
CLOSURE_ROW id=lz60mfb cap=10000 evaluated=0 accepted=0 retained=0 selected=0 linked=0 expanded=0 winning_choices=0 winning_rank_bins=[0, 0, 0, 0, 0, 0, 0, 0] reveal_evaluated=0 reveal_prefix=0 pair_ms=0.000 gate_ms=0.000 second_ms=0.000 eval_ms=0.000 dedup_ms=0.000 avoid_second_ms=0.000 avoid_eval_ms=0.000 avoid_dedup_ms=0.000
THRESHOLD_ROW id=lz60mfb cap=10000 visits=0 revisits=0 threshold_crosses=0 reselections=0 sibling_switches=0 residencies=0 residency_expansions=0 expansion_bins=[0, 0, 0, 0, 0, 0, 0, 0] descent_ms=0.000 state_ms=0.000
FRONTIER_CENSUS_ROW id=lz60mfb cap=10000 first_refusal=None choice_pre=[0, 0, 0, 0, 0, 0, 0, 0, 0, 0, 0, 0, 0] choice_post=[0, 0, 0, 0, 0, 0, 0, 0, 0, 0, 0, 0, 0] universal_pre=[0, 0, 0, 0, 0, 0, 0, 0, 0, 0, 0, 0, 0] universal_post=[0, 0, 0, 0, 0, 0, 0, 0, 0, 0, 0, 0, 0] unclassified_pre=0 unclassified_post=0 sentinel_inherited_hits=[0, 0] sentinel_inherited_clamps=[0, 0] sentinel_increment_hits=0 sentinel_increment_clamps=0 sentinel_sum_hits=[0, 0]
FRAGMENT_PROFILE id=lz60mfb cap=10000 lookups=0 hits=0 imports=0 store_entries=0 store_bytes=0
GEN_PROFILE pair_ms=189962 defender_ms=157498 regen_ms=34521 expand_ms=352293 refresh_ms=10655 insert_ms=2709
CORPUS id=lz60mfb cap=100000 status=UNKNOWN expect=WIN nodes=100000 expansions=99999 tt_entries=99970 tt_hits=1015 tt_bytes_cap=1073741824 peak_tt_bytes=22797268 stage_refreshes=59 gate_evals=0 gate_dismissals=0 gate_us=0.000 seed_scans=0 seed_ms=0.000 ms=12331.3
ORDERING_SUMMARY label=lz60mfb@100000 scope=all_choice band=all order=baseline nodes=5076 rank1=565 median=6 mean=12.291371 cdf1=565 cdf2=839 cdf4=1194 cdf8=3224 cdf16=3715 hist=[565, 274, 322, 33, 2030, 491, 1029, 332] children_median=31 children_mean=35.551221
ORDERING_SUMMARY label=lz60mfb@100000 scope=all_choice band=all order=zone_bound nodes=5076 rank1=633 median=6 mean=14.678093 cdf1=633 cdf2=1581 cdf4=2400 cdf8=2892 cdf16=3580 hist=[633, 948, 571, 248, 492, 688, 488, 1008] children_median=31 children_mean=35.551221
ORDERING_SUMMARY label=lz60mfb@100000 scope=all_choice band=all order=census_distance nodes=5076 rank1=565 median=7 mean=12.565800 cdf1=565 cdf2=839 cdf4=1194 cdf8=3081 cdf16=3714 hist=[565, 274, 301, 54, 1887, 633, 1030, 332] children_median=31 children_mean=35.551221
ORDERING_SUMMARY label=lz60mfb@100000 scope=all_choice band=all order=gate_adjacency nodes=5076 rank1=688 median=6 mean=12.287037 cdf1=688 cdf2=839 cdf4=1161 cdf8=3222 cdf16=3715 hist=[688, 151, 256, 66, 2061, 493, 1029, 332] children_median=31 children_mean=35.551221
ORDERING_SUMMARY label=lz60mfb@100000 scope=all_choice band=all order=d_stone nodes=5076 rank1=565 median=6 mean=11.613672 cdf1=565 cdf2=839 cdf4=1194 cdf8=3224 cdf16=3767 hist=[565, 274, 322, 33, 2030, 543, 977, 332] children_median=31 children_mean=35.551221
ORDERING_SUMMARY label=lz60mfb@100000 scope=all_choice band=all order=census_zone_composite nodes=5076 rank1=406 median=6 mean=14.314815 cdf1=406 cdf2=1301 cdf4=2216 cdf8=3018 cdf16=3703 hist=[406, 895, 734, 181, 802, 685, 423, 950] children_median=31 children_mean=35.551221
ORDERING_SUMMARY label=lz60mfb@100000 scope=all_choice band=all order=zone_gate_composite nodes=5076 rank1=723 median=6 mean=14.684594 cdf1=723 cdf2=1581 cdf4=2400 cdf8=2892 cdf16=3580 hist=[723, 858, 538, 281, 492, 688, 480, 1016] children_median=31 children_mean=35.551221
ORDERING_SUMMARY label=lz60mfb@100000 scope=pair band=all order=baseline nodes=5076 rank1=565 median=6 mean=12.291371 cdf1=565 cdf2=839 cdf4=1194 cdf8=3224 cdf16=3715 hist=[565, 274, 322, 33, 2030, 491, 1029, 332] children_median=31 children_mean=35.551221
ORDERING_SUMMARY label=lz60mfb@100000 scope=pair band=all order=zone_bound nodes=5076 rank1=633 median=6 mean=14.678093 cdf1=633 cdf2=1581 cdf4=2400 cdf8=2892 cdf16=3580 hist=[633, 948, 571, 248, 492, 688, 488, 1008] children_median=31 children_mean=35.551221
ORDERING_SUMMARY label=lz60mfb@100000 scope=pair band=all order=census_distance nodes=5076 rank1=565 median=7 mean=12.565800 cdf1=565 cdf2=839 cdf4=1194 cdf8=3081 cdf16=3714 hist=[565, 274, 301, 54, 1887, 633, 1030, 332] children_median=31 children_mean=35.551221
ORDERING_SUMMARY label=lz60mfb@100000 scope=pair band=all order=gate_adjacency nodes=5076 rank1=688 median=6 mean=12.287037 cdf1=688 cdf2=839 cdf4=1161 cdf8=3222 cdf16=3715 hist=[688, 151, 256, 66, 2061, 493, 1029, 332] children_median=31 children_mean=35.551221
ORDERING_SUMMARY label=lz60mfb@100000 scope=pair band=all order=d_stone nodes=5076 rank1=565 median=6 mean=11.613672 cdf1=565 cdf2=839 cdf4=1194 cdf8=3224 cdf16=3767 hist=[565, 274, 322, 33, 2030, 543, 977, 332] children_median=31 children_mean=35.551221
ORDERING_SUMMARY label=lz60mfb@100000 scope=pair band=all order=census_zone_composite nodes=5076 rank1=406 median=6 mean=14.314815 cdf1=406 cdf2=1301 cdf4=2216 cdf8=3018 cdf16=3703 hist=[406, 895, 734, 181, 802, 685, 423, 950] children_median=31 children_mean=35.551221
ORDERING_SUMMARY label=lz60mfb@100000 scope=pair band=all order=zone_gate_composite nodes=5076 rank1=723 median=6 mean=14.684594 cdf1=723 cdf2=1581 cdf4=2400 cdf8=2892 cdf16=3580 hist=[723, 858, 538, 281, 492, 688, 480, 1016] children_median=31 children_mean=35.551221
ORDERING_SUMMARY label=lz60mfb@100000 scope=pair band=0-7 order=baseline nodes=1 rank1=1 median=1 mean=1.000000 cdf1=1 cdf2=1 cdf4=1 cdf8=1 cdf16=1 hist=[1, 0, 0, 0, 0, 0, 0, 0] children_median=12 children_mean=12.000000
ORDERING_SUMMARY label=lz60mfb@100000 scope=pair band=0-7 order=zone_bound nodes=1 rank1=1 median=1 mean=1.000000 cdf1=1 cdf2=1 cdf4=1 cdf8=1 cdf16=1 hist=[1, 0, 0, 0, 0, 0, 0, 0] children_median=12 children_mean=12.000000
ORDERING_SUMMARY label=lz60mfb@100000 scope=pair band=0-7 order=census_distance nodes=1 rank1=1 median=1 mean=1.000000 cdf1=1 cdf2=1 cdf4=1 cdf8=1 cdf16=1 hist=[1, 0, 0, 0, 0, 0, 0, 0] children_median=12 children_mean=12.000000
ORDERING_SUMMARY label=lz60mfb@100000 scope=pair band=0-7 order=gate_adjacency nodes=1 rank1=1 median=1 mean=1.000000 cdf1=1 cdf2=1 cdf4=1 cdf8=1 cdf16=1 hist=[1, 0, 0, 0, 0, 0, 0, 0] children_median=12 children_mean=12.000000
ORDERING_SUMMARY label=lz60mfb@100000 scope=pair band=0-7 order=d_stone nodes=1 rank1=1 median=1 mean=1.000000 cdf1=1 cdf2=1 cdf4=1 cdf8=1 cdf16=1 hist=[1, 0, 0, 0, 0, 0, 0, 0] children_median=12 children_mean=12.000000
ORDERING_SUMMARY label=lz60mfb@100000 scope=pair band=0-7 order=census_zone_composite nodes=1 rank1=1 median=1 mean=1.000000 cdf1=1 cdf2=1 cdf4=1 cdf8=1 cdf16=1 hist=[1, 0, 0, 0, 0, 0, 0, 0] children_median=12 children_mean=12.000000
ORDERING_SUMMARY label=lz60mfb@100000 scope=pair band=0-7 order=zone_gate_composite nodes=1 rank1=1 median=1 mean=1.000000 cdf1=1 cdf2=1 cdf4=1 cdf8=1 cdf16=1 hist=[1, 0, 0, 0, 0, 0, 0, 0] children_median=12 children_mean=12.000000
ORDERING_SUMMARY label=lz60mfb@100000 scope=pair band=8-15 order=baseline nodes=31 rank1=10 median=5 mean=3.870968 cdf1=10 cdf2=12 cdf4=14 cdf8=31 cdf16=31 hist=[10, 2, 0, 2, 17, 0, 0, 0] children_median=131 children_mean=73.741935
ORDERING_SUMMARY label=lz60mfb@100000 scope=pair band=8-15 order=zone_bound nodes=31 rank1=8 median=2 mean=17.419355 cdf1=8 cdf2=22 cdf4=26 cdf8=27 cdf16=27 hist=[8, 14, 2, 2, 1, 0, 0, 4] children_median=131 children_mean=73.741935
ORDERING_SUMMARY label=lz60mfb@100000 scope=pair band=8-15 order=census_distance nodes=31 rank1=10 median=8 mean=5.419355 cdf1=10 cdf2=12 cdf4=14 cdf8=19 cdf16=31 hist=[10, 2, 0, 2, 5, 12, 0, 0] children_median=131 children_mean=73.741935
ORDERING_SUMMARY label=lz60mfb@100000 scope=pair band=8-15 order=gate_adjacency nodes=31 rank1=10 median=5 mean=3.870968 cdf1=10 cdf2=12 cdf4=14 cdf8=31 cdf16=31 hist=[10, 2, 0, 2, 17, 0, 0, 0] children_median=131 children_mean=73.741935
ORDERING_SUMMARY label=lz60mfb@100000 scope=pair band=8-15 order=d_stone nodes=31 rank1=10 median=5 mean=3.870968 cdf1=10 cdf2=12 cdf4=14 cdf8=31 cdf16=31 hist=[10, 2, 0, 2, 17, 0, 0, 0] children_median=131 children_mean=73.741935
ORDERING_SUMMARY label=lz60mfb@100000 scope=pair band=8-15 order=census_zone_composite nodes=31 rank1=8 median=8 mean=19.741935 cdf1=8 cdf2=10 cdf4=14 cdf8=27 cdf16=27 hist=[8, 2, 2, 2, 13, 0, 0, 4] children_median=131 children_mean=73.741935
ORDERING_SUMMARY label=lz60mfb@100000 scope=pair band=8-15 order=zone_gate_composite nodes=31 rank1=8 median=2 mean=17.419355 cdf1=8 cdf2=22 cdf4=26 cdf8=27 cdf16=27 hist=[8, 14, 2, 2, 1, 0, 0, 4] children_median=131 children_mean=73.741935
ORDERING_SUMMARY label=lz60mfb@100000 scope=pair band=16plus order=baseline nodes=5044 rank1=554 median=6 mean=12.345361 cdf1=554 cdf2=826 cdf4=1179 cdf8=3192 cdf16=3683 hist=[554, 272, 322, 31, 2013, 491, 1029, 332] children_median=31 children_mean=35.321174
ORDERING_SUMMARY label=lz60mfb@100000 scope=pair band=16plus order=zone_bound nodes=5044 rank1=624 median=6 mean=14.663957 cdf1=624 cdf2=1558 cdf4=2373 cdf8=2864 cdf16=3552 hist=[624, 934, 569, 246, 491, 688, 488, 1004] children_median=31 children_mean=35.321174
ORDERING_SUMMARY label=lz60mfb@100000 scope=pair band=16plus order=census_distance nodes=5044 rank1=554 median=7 mean=12.612014 cdf1=554 cdf2=826 cdf4=1179 cdf8=3061 cdf16=3682 hist=[554, 272, 301, 52, 1882, 621, 1030, 332] children_median=31 children_mean=35.321174
ORDERING_SUMMARY label=lz60mfb@100000 scope=pair band=16plus order=gate_adjacency nodes=5044 rank1=677 median=6 mean=12.340999 cdf1=677 cdf2=826 cdf4=1146 cdf8=3190 cdf16=3683 hist=[677, 149, 256, 64, 2044, 493, 1029, 332] children_median=31 children_mean=35.321174
ORDERING_SUMMARY label=lz60mfb@100000 scope=pair band=16plus order=d_stone nodes=5044 rank1=554 median=6 mean=11.663362 cdf1=554 cdf2=826 cdf4=1179 cdf8=3192 cdf16=3735 hist=[554, 272, 322, 31, 2013, 543, 977, 332] children_median=31 children_mean=35.321174
ORDERING_SUMMARY label=lz60mfb@100000 scope=pair band=16plus order=census_zone_composite nodes=5044 rank1=397 median=6 mean=14.284100 cdf1=397 cdf2=1290 cdf4=2201 cdf8=2990 cdf16=3675 hist=[397, 893, 732, 179, 789, 685, 423, 946] children_median=31 children_mean=35.321174
ORDERING_SUMMARY label=lz60mfb@100000 scope=pair band=16plus order=zone_gate_composite nodes=5044 rank1=714 median=6 mean=14.670500 cdf1=714 cdf2=1558 cdf4=2373 cdf8=2864 cdf16=3552 hist=[714, 844, 536, 279, 491, 688, 480, 1012] children_median=31 children_mean=35.321174
CLOSURE_ROW id=lz60mfb cap=100000 evaluated=0 accepted=0 retained=0 selected=0 linked=0 expanded=0 winning_choices=0 winning_rank_bins=[0, 0, 0, 0, 0, 0, 0, 0] reveal_evaluated=0 reveal_prefix=0 pair_ms=0.000 gate_ms=0.000 second_ms=0.000 eval_ms=0.000 dedup_ms=0.000 avoid_second_ms=0.000 avoid_eval_ms=0.000 avoid_dedup_ms=0.000
THRESHOLD_ROW id=lz60mfb cap=100000 visits=0 revisits=0 threshold_crosses=0 reselections=0 sibling_switches=0 residencies=0 residency_expansions=0 expansion_bins=[0, 0, 0, 0, 0, 0, 0, 0] descent_ms=0.000 state_ms=0.000
FRONTIER_CENSUS_ROW id=lz60mfb cap=100000 first_refusal=None choice_pre=[0, 0, 0, 0, 0, 0, 0, 0, 0, 0, 0, 0, 0] choice_post=[0, 0, 0, 0, 0, 0, 0, 0, 0, 0, 0, 0, 0] universal_pre=[0, 0, 0, 0, 0, 0, 0, 0, 0, 0, 0, 0, 0] universal_post=[0, 0, 0, 0, 0, 0, 0, 0, 0, 0, 0, 0, 0] unclassified_pre=0 unclassified_post=0 sentinel_inherited_hits=[0, 0] sentinel_inherited_clamps=[0, 0] sentinel_increment_hits=0 sentinel_increment_clamps=0 sentinel_sum_hits=[0, 0]
FRAGMENT_PROFILE id=lz60mfb cap=100000 lookups=0 hits=0 imports=0 store_entries=0 store_bytes=0
GEN_PROFILE pair_ms=195754 defender_ms=161833 regen_ms=35499 expand_ms=362583 refresh_ms=10850 insert_ms=2768
CORPUS id=lz60mfb cap=1000000 status=WIN expect=WIN nodes=109896 expansions=109895 tt_entries=109866 tt_hits=1022 tt_bytes_cap=1073741824 peak_tt_bytes=25072700 stage_refreshes=59 gate_evals=0 gate_dismissals=0 gate_us=0.000 seed_scans=0 seed_ms=0.000 ms=13364.2
ORDERING_SUMMARY label=lz60mfb@1000000 scope=all_choice band=all order=baseline nodes=5656 rank1=640 median=6 mean=12.290134 cdf1=640 cdf2=956 cdf4=1351 cdf8=3604 cdf16=4141 hist=[640, 316, 360, 35, 2253, 537, 1144, 371] children_median=31 children_mean=35.944661
ORDERING_SUMMARY label=lz60mfb@1000000 scope=all_choice band=all order=zone_bound nodes=5656 rank1=709 median=6 mean=14.669201 cdf1=709 cdf2=1777 cdf4=2684 cdf8=3234 cdf16=3994 hist=[709, 1068, 628, 279, 550, 760, 543, 1119] children_median=31 children_mean=35.944661
ORDERING_SUMMARY label=lz60mfb@1000000 scope=all_choice band=all order=census_distance nodes=5656 rank1=640 median=7 mean=12.571252 cdf1=640 cdf2=956 cdf4=1351 cdf8=3428 cdf16=4140 hist=[640, 316, 336, 59, 2077, 712, 1145, 371] children_median=31 children_mean=35.944661
ORDERING_SUMMARY label=lz60mfb@1000000 scope=all_choice band=all order=gate_adjacency nodes=5656 rank1=784 median=6 mean=12.284123 cdf1=784 cdf2=956 cdf4=1315 cdf8=3602 cdf16=4141 hist=[784, 172, 288, 71, 2287, 539, 1144, 371] children_median=31 children_mean=35.944661
ORDERING_SUMMARY label=lz60mfb@1000000 scope=all_choice band=all order=d_stone nodes=5656 rank1=640 median=6 mean=11.612624 cdf1=640 cdf2=956 cdf4=1351 cdf8=3604 cdf16=4197 hist=[640, 316, 360, 35, 2253, 593, 1088, 371] children_median=31 children_mean=35.944661
ORDERING_SUMMARY label=lz60mfb@1000000 scope=all_choice band=all order=census_zone_composite nodes=5656 rank1=471 median=6 mean=14.316655 cdf1=471 cdf2=1453 cdf4=2459 cdf8=3375 cdf16=4132 hist=[471, 982, 808, 198, 916, 757, 469, 1055] children_median=31 children_mean=35.944661
ORDERING_SUMMARY label=lz60mfb@1000000 scope=all_choice band=all order=zone_gate_composite nodes=5656 rank1=817 median=6 mean=14.673798 cdf1=817 cdf2=1777 cdf4=2684 cdf8=3234 cdf16=3994 hist=[817, 960, 592, 315, 550, 760, 535, 1127] children_median=31 children_mean=35.944661
ORDERING_SUMMARY label=lz60mfb@1000000 scope=pair band=all order=baseline nodes=5656 rank1=640 median=6 mean=12.290134 cdf1=640 cdf2=956 cdf4=1351 cdf8=3604 cdf16=4141 hist=[640, 316, 360, 35, 2253, 537, 1144, 371] children_median=31 children_mean=35.944661
ORDERING_SUMMARY label=lz60mfb@1000000 scope=pair band=all order=zone_bound nodes=5656 rank1=709 median=6 mean=14.669201 cdf1=709 cdf2=1777 cdf4=2684 cdf8=3234 cdf16=3994 hist=[709, 1068, 628, 279, 550, 760, 543, 1119] children_median=31 children_mean=35.944661
ORDERING_SUMMARY label=lz60mfb@1000000 scope=pair band=all order=census_distance nodes=5656 rank1=640 median=7 mean=12.571252 cdf1=640 cdf2=956 cdf4=1351 cdf8=3428 cdf16=4140 hist=[640, 316, 336, 59, 2077, 712, 1145, 371] children_median=31 children_mean=35.944661
ORDERING_SUMMARY label=lz60mfb@1000000 scope=pair band=all order=gate_adjacency nodes=5656 rank1=784 median=6 mean=12.284123 cdf1=784 cdf2=956 cdf4=1315 cdf8=3602 cdf16=4141 hist=[784, 172, 288, 71, 2287, 539, 1144, 371] children_median=31 children_mean=35.944661
ORDERING_SUMMARY label=lz60mfb@1000000 scope=pair band=all order=d_stone nodes=5656 rank1=640 median=6 mean=11.612624 cdf1=640 cdf2=956 cdf4=1351 cdf8=3604 cdf16=4197 hist=[640, 316, 360, 35, 2253, 593, 1088, 371] children_median=31 children_mean=35.944661
ORDERING_SUMMARY label=lz60mfb@1000000 scope=pair band=all order=census_zone_composite nodes=5656 rank1=471 median=6 mean=14.316655 cdf1=471 cdf2=1453 cdf4=2459 cdf8=3375 cdf16=4132 hist=[471, 982, 808, 198, 916, 757, 469, 1055] children_median=31 children_mean=35.944661
ORDERING_SUMMARY label=lz60mfb@1000000 scope=pair band=all order=zone_gate_composite nodes=5656 rank1=817 median=6 mean=14.673798 cdf1=817 cdf2=1777 cdf4=2684 cdf8=3234 cdf16=3994 hist=[817, 960, 592, 315, 550, 760, 535, 1127] children_median=31 children_mean=35.944661
ORDERING_SUMMARY label=lz60mfb@1000000 scope=pair band=0-7 order=baseline nodes=4 rank1=3 median=1 mean=2.000000 cdf1=3 cdf2=3 cdf4=3 cdf8=4 cdf16=4 hist=[3, 0, 0, 0, 1, 0, 0, 0] children_median=12 children_mean=10.750000
ORDERING_SUMMARY label=lz60mfb@1000000 scope=pair band=0-7 order=zone_bound nodes=4 rank1=3 median=1 mean=2.250000 cdf1=3 cdf2=3 cdf4=3 cdf8=4 cdf16=4 hist=[3, 0, 0, 0, 1, 0, 0, 0] children_median=12 children_mean=10.750000
ORDERING_SUMMARY label=lz60mfb@1000000 scope=pair band=0-7 order=census_distance nodes=4 rank1=3 median=1 mean=2.000000 cdf1=3 cdf2=3 cdf4=3 cdf8=4 cdf16=4 hist=[3, 0, 0, 0, 1, 0, 0, 0] children_median=12 children_mean=10.750000
ORDERING_SUMMARY label=lz60mfb@1000000 scope=pair band=0-7 order=gate_adjacency nodes=4 rank1=3 median=1 mean=2.000000 cdf1=3 cdf2=3 cdf4=3 cdf8=4 cdf16=4 hist=[3, 0, 0, 0, 1, 0, 0, 0] children_median=12 children_mean=10.750000
ORDERING_SUMMARY label=lz60mfb@1000000 scope=pair band=0-7 order=d_stone nodes=4 rank1=3 median=1 mean=2.000000 cdf1=3 cdf2=3 cdf4=3 cdf8=4 cdf16=4 hist=[3, 0, 0, 0, 1, 0, 0, 0] children_median=12 children_mean=10.750000
ORDERING_SUMMARY label=lz60mfb@1000000 scope=pair band=0-7 order=census_zone_composite nodes=4 rank1=3 median=1 mean=2.250000 cdf1=3 cdf2=3 cdf4=3 cdf8=4 cdf16=4 hist=[3, 0, 0, 0, 1, 0, 0, 0] children_median=12 children_mean=10.750000
ORDERING_SUMMARY label=lz60mfb@1000000 scope=pair band=0-7 order=zone_gate_composite nodes=4 rank1=3 median=1 mean=2.250000 cdf1=3 cdf2=3 cdf4=3 cdf8=4 cdf16=4 hist=[3, 0, 0, 0, 1, 0, 0, 0] children_median=12 children_mean=10.750000
ORDERING_SUMMARY label=lz60mfb@1000000 scope=pair band=8-15 order=baseline nodes=58 rank1=18 median=6 mean=4.103448 cdf1=18 cdf2=21 cdf4=23 cdf8=58 cdf16=58 hist=[18, 3, 0, 2, 35, 0, 0, 0] children_median=136 children_mean=85.862069
ORDERING_SUMMARY label=lz60mfb@1000000 scope=pair band=8-15 order=zone_bound nodes=58 rank1=16 median=2 mean=10.103448 cdf1=16 cdf2=49 cdf4=53 cdf8=54 cdf16=54 hist=[16, 33, 2, 2, 1, 0, 0, 4] children_median=136 children_mean=85.862069
ORDERING_SUMMARY label=lz60mfb@1000000 scope=pair band=8-15 order=census_distance nodes=58 rank1=18 median=9 mean=5.862069 cdf1=18 cdf2=21 cdf4=23 cdf8=28 cdf16=58 hist=[18, 3, 0, 2, 5, 30, 0, 0] children_median=136 children_mean=85.862069
ORDERING_SUMMARY label=lz60mfb@1000000 scope=pair band=8-15 order=gate_adjacency nodes=58 rank1=18 median=6 mean=4.103448 cdf1=18 cdf2=21 cdf4=23 cdf8=58 cdf16=58 hist=[18, 3, 0, 2, 35, 0, 0, 0] children_median=136 children_mean=85.862069
ORDERING_SUMMARY label=lz60mfb@1000000 scope=pair band=8-15 order=d_stone nodes=58 rank1=18 median=6 mean=4.103448 cdf1=18 cdf2=21 cdf4=23 cdf8=58 cdf16=58 hist=[18, 3, 0, 2, 35, 0, 0, 0] children_median=136 children_mean=85.862069
ORDERING_SUMMARY label=lz60mfb@1000000 scope=pair band=8-15 order=census_zone_composite nodes=58 rank1=16 median=8 mean=13.206897 cdf1=16 cdf2=19 cdf4=23 cdf8=54 cdf16=54 hist=[16, 3, 2, 2, 31, 0, 0, 4] children_median=136 children_mean=85.862069
ORDERING_SUMMARY label=lz60mfb@1000000 scope=pair band=8-15 order=zone_gate_composite nodes=58 rank1=16 median=2 mean=10.103448 cdf1=16 cdf2=49 cdf4=53 cdf8=54 cdf16=54 hist=[16, 33, 2, 2, 1, 0, 0, 4] children_median=136 children_mean=85.862069
ORDERING_SUMMARY label=lz60mfb@1000000 scope=pair band=16plus order=baseline nodes=5594 rank1=619 median=6 mean=12.382374 cdf1=619 cdf2=932 cdf4=1325 cdf8=3542 cdf16=4079 hist=[619, 313, 360, 33, 2217, 537, 1144, 371] children_median=31 children_mean=35.445120
ORDERING_SUMMARY label=lz60mfb@1000000 scope=pair band=16plus order=zone_bound nodes=5594 rank1=690 median=6 mean=14.725420 cdf1=690 cdf2=1725 cdf4=2628 cdf8=3176 cdf16=3936 hist=[690, 1035, 626, 277, 548, 760, 543, 1115] children_median=31 children_mean=35.445120
ORDERING_SUMMARY label=lz60mfb@1000000 scope=pair band=16plus order=census_distance nodes=5594 rank1=619 median=7 mean=12.648373 cdf1=619 cdf2=932 cdf4=1325 cdf8=3396 cdf16=4078 hist=[619, 313, 336, 57, 2071, 682, 1145, 371] children_median=31 children_mean=35.445120
ORDERING_SUMMARY label=lz60mfb@1000000 scope=pair band=16plus order=gate_adjacency nodes=5594 rank1=763 median=6 mean=12.376296 cdf1=763 cdf2=932 cdf4=1289 cdf8=3540 cdf16=4079 hist=[763, 169, 288, 69, 2251, 539, 1144, 371] children_median=31 children_mean=35.445120
ORDERING_SUMMARY label=lz60mfb@1000000 scope=pair band=16plus order=d_stone nodes=5594 rank1=619 median=6 mean=11.697354 cdf1=619 cdf2=932 cdf4=1325 cdf8=3542 cdf16=4135 hist=[619, 313, 360, 33, 2217, 593, 1088, 371] children_median=31 children_mean=35.445120
ORDERING_SUMMARY label=lz60mfb@1000000 scope=pair band=16plus order=census_zone_composite nodes=5594 rank1=452 median=6 mean=14.336789 cdf1=452 cdf2=1431 cdf4=2433 cdf8=3317 cdf16=4074 hist=[452, 979, 806, 196, 884, 757, 469, 1051] children_median=31 children_mean=35.445120
ORDERING_SUMMARY label=lz60mfb@1000000 scope=pair band=16plus order=zone_gate_composite nodes=5594 rank1=798 median=6 mean=14.730068 cdf1=798 cdf2=1725 cdf4=2628 cdf8=3176 cdf16=3936 hist=[798, 927, 590, 313, 548, 760, 535, 1123] children_median=31 children_mean=35.445120
CLOSURE_ROW id=lz60mfb cap=1000000 evaluated=0 accepted=0 retained=0 selected=0 linked=0 expanded=0 winning_choices=0 winning_rank_bins=[0, 0, 0, 0, 0, 0, 0, 0] reveal_evaluated=0 reveal_prefix=0 pair_ms=0.000 gate_ms=0.000 second_ms=0.000 eval_ms=0.000 dedup_ms=0.000 avoid_second_ms=0.000 avoid_eval_ms=0.000 avoid_dedup_ms=0.000
THRESHOLD_ROW id=lz60mfb cap=1000000 visits=0 revisits=0 threshold_crosses=0 reselections=0 sibling_switches=0 residencies=0 residency_expansions=0 expansion_bins=[0, 0, 0, 0, 0, 0, 0, 0] descent_ms=0.000 state_ms=0.000
FRONTIER_CENSUS_ROW id=lz60mfb cap=1000000 first_refusal=None choice_pre=[0, 0, 0, 0, 0, 0, 0, 0, 0, 0, 0, 0, 0] choice_post=[0, 0, 0, 0, 0, 0, 0, 0, 0, 0, 0, 0, 0] universal_pre=[0, 0, 0, 0, 0, 0, 0, 0, 0, 0, 0, 0, 0] universal_post=[0, 0, 0, 0, 0, 0, 0, 0, 0, 0, 0, 0, 0] unclassified_pre=0 unclassified_post=0 sentinel_inherited_hits=[0, 0] sentinel_inherited_clamps=[0, 0] sentinel_increment_hits=0 sentinel_increment_clamps=0 sentinel_sum_hits=[0, 0]
FRAGMENT_PROFILE id=lz60mfb cap=1000000 lookups=0 hits=0 imports=0 store_entries=0 store_bytes=0
GEN_PROFILE pair_ms=201856 defender_ms=166395 regen_ms=36534 expand_ms=373416 refresh_ms=11061 insert_ms=2828
CORPUS id=zrugh2x cap=10000 status=UNKNOWN expect=WIN nodes=10000 expansions=9999 tt_entries=9977 tt_hits=599 tt_bytes_cap=1073741824 peak_tt_bytes=1883186 stage_refreshes=45 gate_evals=0 gate_dismissals=0 gate_us=0.000 seed_scans=0 seed_ms=0.000 ms=1634.1
ORDERING_SUMMARY label=zrugh2x@10000 scope=all_choice band=all order=baseline nodes=65 rank1=19 median=4 mean=6.000000 cdf1=19 cdf2=19 cdf4=38 cdf8=38 cdf16=62 hist=[19, 0, 12, 7, 0, 24, 3, 0] children_median=13 children_mean=14.000000
ORDERING_SUMMARY label=zrugh2x@10000 scope=all_choice band=all order=zone_bound nodes=65 rank1=14 median=3 mean=4.707692 cdf1=14 cdf2=30 cdf4=45 cdf8=58 cdf16=62 hist=[14, 16, 3, 12, 13, 4, 3, 0] children_median=13 children_mean=14.000000
ORDERING_SUMMARY label=zrugh2x@10000 scope=all_choice band=all order=census_distance nodes=65 rank1=19 median=4 mean=6.000000 cdf1=19 cdf2=19 cdf4=38 cdf8=38 cdf16=62 hist=[19, 0, 12, 7, 0, 24, 3, 0] children_median=13 children_mean=14.000000
ORDERING_SUMMARY label=zrugh2x@10000 scope=all_choice band=all order=gate_adjacency nodes=65 rank1=19 median=4 mean=6.000000 cdf1=19 cdf2=19 cdf4=38 cdf8=38 cdf16=62 hist=[19, 0, 12, 7, 0, 24, 3, 0] children_median=13 children_mean=14.000000
ORDERING_SUMMARY label=zrugh2x@10000 scope=all_choice band=all order=d_stone nodes=65 rank1=19 median=4 mean=5.261538 cdf1=19 cdf2=19 cdf4=38 cdf8=54 cdf16=62 hist=[19, 0, 12, 7, 16, 8, 3, 0] children_median=13 children_mean=14.000000
ORDERING_SUMMARY label=zrugh2x@10000 scope=all_choice band=all order=census_zone_composite nodes=65 rank1=15 median=2 mean=4.123077 cdf1=15 cdf2=35 cdf4=42 cdf8=62 cdf16=62 hist=[15, 20, 3, 4, 20, 0, 3, 0] children_median=13 children_mean=14.000000
ORDERING_SUMMARY label=zrugh2x@10000 scope=all_choice band=all order=zone_gate_composite nodes=65 rank1=14 median=3 mean=4.707692 cdf1=14 cdf2=30 cdf4=45 cdf8=58 cdf16=62 hist=[14, 16, 3, 12, 13, 4, 3, 0] children_median=13 children_mean=14.000000
ORDERING_SUMMARY label=zrugh2x@10000 scope=pair band=all order=baseline nodes=65 rank1=19 median=4 mean=6.000000 cdf1=19 cdf2=19 cdf4=38 cdf8=38 cdf16=62 hist=[19, 0, 12, 7, 0, 24, 3, 0] children_median=13 children_mean=14.000000
ORDERING_SUMMARY label=zrugh2x@10000 scope=pair band=all order=zone_bound nodes=65 rank1=14 median=3 mean=4.707692 cdf1=14 cdf2=30 cdf4=45 cdf8=58 cdf16=62 hist=[14, 16, 3, 12, 13, 4, 3, 0] children_median=13 children_mean=14.000000
ORDERING_SUMMARY label=zrugh2x@10000 scope=pair band=all order=census_distance nodes=65 rank1=19 median=4 mean=6.000000 cdf1=19 cdf2=19 cdf4=38 cdf8=38 cdf16=62 hist=[19, 0, 12, 7, 0, 24, 3, 0] children_median=13 children_mean=14.000000
ORDERING_SUMMARY label=zrugh2x@10000 scope=pair band=all order=gate_adjacency nodes=65 rank1=19 median=4 mean=6.000000 cdf1=19 cdf2=19 cdf4=38 cdf8=38 cdf16=62 hist=[19, 0, 12, 7, 0, 24, 3, 0] children_median=13 children_mean=14.000000
ORDERING_SUMMARY label=zrugh2x@10000 scope=pair band=all order=d_stone nodes=65 rank1=19 median=4 mean=5.261538 cdf1=19 cdf2=19 cdf4=38 cdf8=54 cdf16=62 hist=[19, 0, 12, 7, 16, 8, 3, 0] children_median=13 children_mean=14.000000
ORDERING_SUMMARY label=zrugh2x@10000 scope=pair band=all order=census_zone_composite nodes=65 rank1=15 median=2 mean=4.123077 cdf1=15 cdf2=35 cdf4=42 cdf8=62 cdf16=62 hist=[15, 20, 3, 4, 20, 0, 3, 0] children_median=13 children_mean=14.000000
ORDERING_SUMMARY label=zrugh2x@10000 scope=pair band=all order=zone_gate_composite nodes=65 rank1=14 median=3 mean=4.707692 cdf1=14 cdf2=30 cdf4=45 cdf8=58 cdf16=62 hist=[14, 16, 3, 12, 13, 4, 3, 0] children_median=13 children_mean=14.000000
ORDERING_SUMMARY label=zrugh2x@10000 scope=pair band=8-15 order=baseline nodes=10 rank1=3 median=4 mean=7.000000 cdf1=3 cdf2=3 cdf4=7 cdf8=7 cdf16=7 hist=[3, 0, 0, 4, 0, 0, 3, 0] children_median=6 children_mean=12.200000
ORDERING_SUMMARY label=zrugh2x@10000 scope=pair band=8-15 order=zone_bound nodes=10 rank1=1 median=4 mean=10.000000 cdf1=1 cdf2=1 cdf4=5 cdf8=6 cdf16=7 hist=[1, 0, 0, 4, 1, 1, 3, 0] children_median=6 children_mean=12.200000
ORDERING_SUMMARY label=zrugh2x@10000 scope=pair band=8-15 order=census_distance nodes=10 rank1=3 median=4 mean=7.000000 cdf1=3 cdf2=3 cdf4=7 cdf8=7 cdf16=7 hist=[3, 0, 0, 4, 0, 0, 3, 0] children_median=6 children_mean=12.200000
ORDERING_SUMMARY label=zrugh2x@10000 scope=pair band=8-15 order=gate_adjacency nodes=10 rank1=3 median=4 mean=7.000000 cdf1=3 cdf2=3 cdf4=7 cdf8=7 cdf16=7 hist=[3, 0, 0, 4, 0, 0, 3, 0] children_median=6 children_mean=12.200000
ORDERING_SUMMARY label=zrugh2x@10000 scope=pair band=8-15 order=d_stone nodes=10 rank1=3 median=4 mean=7.000000 cdf1=3 cdf2=3 cdf4=7 cdf8=7 cdf16=7 hist=[3, 0, 0, 4, 0, 0, 3, 0] children_median=6 children_mean=12.200000
ORDERING_SUMMARY label=zrugh2x@10000 scope=pair band=8-15 order=census_zone_composite nodes=10 rank1=2 median=4 mean=8.400000 cdf1=2 cdf2=3 cdf4=7 cdf8=7 cdf16=7 hist=[2, 1, 0, 4, 0, 0, 3, 0] children_median=6 children_mean=12.200000
ORDERING_SUMMARY label=zrugh2x@10000 scope=pair band=8-15 order=zone_gate_composite nodes=10 rank1=1 median=4 mean=10.000000 cdf1=1 cdf2=1 cdf4=5 cdf8=6 cdf16=7 hist=[1, 0, 0, 4, 1, 1, 3, 0] children_median=6 children_mean=12.200000
ORDERING_SUMMARY label=zrugh2x@10000 scope=pair band=16plus order=baseline nodes=55 rank1=16 median=3 mean=5.818182 cdf1=16 cdf2=16 cdf4=31 cdf8=31 cdf16=55 hist=[16, 0, 12, 3, 0, 24, 0, 0] children_median=13 children_mean=14.327273
ORDERING_SUMMARY label=zrugh2x@10000 scope=pair band=16plus order=zone_bound nodes=55 rank1=13 median=2 mean=3.745455 cdf1=13 cdf2=29 cdf4=40 cdf8=52 cdf16=55 hist=[13, 16, 3, 8, 12, 3, 0, 0] children_median=13 children_mean=14.327273
ORDERING_SUMMARY label=zrugh2x@10000 scope=pair band=16plus order=census_distance nodes=55 rank1=16 median=3 mean=5.818182 cdf1=16 cdf2=16 cdf4=31 cdf8=31 cdf16=55 hist=[16, 0, 12, 3, 0, 24, 0, 0] children_median=13 children_mean=14.327273
ORDERING_SUMMARY label=zrugh2x@10000 scope=pair band=16plus order=gate_adjacency nodes=55 rank1=16 median=3 mean=5.818182 cdf1=16 cdf2=16 cdf4=31 cdf8=31 cdf16=55 hist=[16, 0, 12, 3, 0, 24, 0, 0] children_median=13 children_mean=14.327273
ORDERING_SUMMARY label=zrugh2x@10000 scope=pair band=16plus order=d_stone nodes=55 rank1=16 median=3 mean=4.945455 cdf1=16 cdf2=16 cdf4=31 cdf8=47 cdf16=55 hist=[16, 0, 12, 3, 16, 8, 0, 0] children_median=13 children_mean=14.327273
ORDERING_SUMMARY label=zrugh2x@10000 scope=pair band=16plus order=census_zone_composite nodes=55 rank1=13 median=2 mean=3.345455 cdf1=13 cdf2=32 cdf4=35 cdf8=55 cdf16=55 hist=[13, 19, 3, 0, 20, 0, 0, 0] children_median=13 children_mean=14.327273
ORDERING_SUMMARY label=zrugh2x@10000 scope=pair band=16plus order=zone_gate_composite nodes=55 rank1=13 median=2 mean=3.745455 cdf1=13 cdf2=29 cdf4=40 cdf8=52 cdf16=55 hist=[13, 16, 3, 8, 12, 3, 0, 0] children_median=13 children_mean=14.327273
CLOSURE_ROW id=zrugh2x cap=10000 evaluated=0 accepted=0 retained=0 selected=0 linked=0 expanded=0 winning_choices=0 winning_rank_bins=[0, 0, 0, 0, 0, 0, 0, 0] reveal_evaluated=0 reveal_prefix=0 pair_ms=0.000 gate_ms=0.000 second_ms=0.000 eval_ms=0.000 dedup_ms=0.000 avoid_second_ms=0.000 avoid_eval_ms=0.000 avoid_dedup_ms=0.000
THRESHOLD_ROW id=zrugh2x cap=10000 visits=0 revisits=0 threshold_crosses=0 reselections=0 sibling_switches=0 residencies=0 residency_expansions=0 expansion_bins=[0, 0, 0, 0, 0, 0, 0, 0] descent_ms=0.000 state_ms=0.000
FRONTIER_CENSUS_ROW id=zrugh2x cap=10000 first_refusal=None choice_pre=[0, 0, 0, 0, 0, 0, 0, 0, 0, 0, 0, 0, 0] choice_post=[0, 0, 0, 0, 0, 0, 0, 0, 0, 0, 0, 0, 0] universal_pre=[0, 0, 0, 0, 0, 0, 0, 0, 0, 0, 0, 0, 0] universal_post=[0, 0, 0, 0, 0, 0, 0, 0, 0, 0, 0, 0, 0] unclassified_pre=0 unclassified_post=0 sentinel_inherited_hits=[0, 0] sentinel_inherited_clamps=[0, 0] sentinel_increment_hits=0 sentinel_increment_clamps=0 sentinel_sum_hits=[0, 0]
FRAGMENT_PROFILE id=zrugh2x cap=10000 lookups=0 hits=0 imports=0 store_entries=0 store_bytes=0
GEN_PROFILE pair_ms=202783 defender_ms=166673 regen_ms=36696 expand_ms=374634 refresh_ms=11123 insert_ms=2834
CORPUS id=zrugh2x cap=100000 status=WIN expect=WIN nodes=41734 expansions=41733 tt_entries=41711 tt_hits=1950 tt_bytes_cap=1073741824 peak_tt_bytes=8062494 stage_refreshes=45 gate_evals=0 gate_dismissals=0 gate_us=0.000 seed_scans=0 seed_ms=0.000 ms=5308.9
ORDERING_SUMMARY label=zrugh2x@100000 scope=all_choice band=all order=baseline nodes=1080 rank1=167 median=8 mean=8.579630 cdf1=167 cdf2=179 cdf4=405 cdf8=625 cdf16=869 hist=[167, 12, 160, 66, 220, 244, 209, 2] children_median=18 children_mean=29.455556
ORDERING_SUMMARY label=zrugh2x@100000 scope=all_choice band=all order=zone_bound nodes=1080 rank1=75 median=6 mean=7.153704 cdf1=75 cdf2=258 cdf4=405 cdf8=751 cdf16=1041 hist=[75, 183, 68, 79, 346, 290, 33, 6] children_median=18 children_mean=29.455556
ORDERING_SUMMARY label=zrugh2x@100000 scope=all_choice band=all order=census_distance nodes=1080 rank1=167 median=8 mean=8.900926 cdf1=167 cdf2=178 cdf4=387 cdf8=551 cdf16=861 hist=[167, 11, 161, 48, 164, 310, 217, 2] children_median=18 children_mean=29.455556
ORDERING_SUMMARY label=zrugh2x@100000 scope=all_choice band=all order=gate_adjacency nodes=1080 rank1=167 median=8 mean=8.587037 cdf1=167 cdf2=179 cdf4=405 cdf8=621 cdf16=869 hist=[167, 12, 160, 66, 216, 248, 209, 2] children_median=18 children_mean=29.455556
ORDERING_SUMMARY label=zrugh2x@100000 scope=all_choice band=all order=d_stone nodes=1080 rank1=167 median=7 mean=8.277778 cdf1=167 cdf2=179 cdf4=405 cdf8=701 cdf16=869 hist=[167, 12, 160, 66, 296, 168, 211, 0] children_median=18 children_mean=29.455556
ORDERING_SUMMARY label=zrugh2x@100000 scope=all_choice band=all order=census_zone_composite nodes=1080 rank1=107 median=6 mean=6.918519 cdf1=107 cdf2=230 cdf4=404 cdf8=767 cdf16=1025 hist=[107, 123, 125, 49, 363, 258, 49, 6] children_median=18 children_mean=29.455556
ORDERING_SUMMARY label=zrugh2x@100000 scope=all_choice band=all order=zone_gate_composite nodes=1080 rank1=74 median=6 mean=7.178704 cdf1=74 cdf2=226 cdf4=415 cdf8=751 cdf16=1041 hist=[74, 152, 100, 89, 336, 290, 33, 6] children_median=18 children_mean=29.455556
ORDERING_SUMMARY label=zrugh2x@100000 scope=pair band=all order=baseline nodes=1080 rank1=167 median=8 mean=8.579630 cdf1=167 cdf2=179 cdf4=405 cdf8=625 cdf16=869 hist=[167, 12, 160, 66, 220, 244, 209, 2] children_median=18 children_mean=29.455556
ORDERING_SUMMARY label=zrugh2x@100000 scope=pair band=all order=zone_bound nodes=1080 rank1=75 median=6 mean=7.153704 cdf1=75 cdf2=258 cdf4=405 cdf8=751 cdf16=1041 hist=[75, 183, 68, 79, 346, 290, 33, 6] children_median=18 children_mean=29.455556
ORDERING_SUMMARY label=zrugh2x@100000 scope=pair band=all order=census_distance nodes=1080 rank1=167 median=8 mean=8.900926 cdf1=167 cdf2=178 cdf4=387 cdf8=551 cdf16=861 hist=[167, 11, 161, 48, 164, 310, 217, 2] children_median=18 children_mean=29.455556
ORDERING_SUMMARY label=zrugh2x@100000 scope=pair band=all order=gate_adjacency nodes=1080 rank1=167 median=8 mean=8.587037 cdf1=167 cdf2=179 cdf4=405 cdf8=621 cdf16=869 hist=[167, 12, 160, 66, 216, 248, 209, 2] children_median=18 children_mean=29.455556
ORDERING_SUMMARY label=zrugh2x@100000 scope=pair band=all order=d_stone nodes=1080 rank1=167 median=7 mean=8.277778 cdf1=167 cdf2=179 cdf4=405 cdf8=701 cdf16=869 hist=[167, 12, 160, 66, 296, 168, 211, 0] children_median=18 children_mean=29.455556
ORDERING_SUMMARY label=zrugh2x@100000 scope=pair band=all order=census_zone_composite nodes=1080 rank1=107 median=6 mean=6.918519 cdf1=107 cdf2=230 cdf4=404 cdf8=767 cdf16=1025 hist=[107, 123, 125, 49, 363, 258, 49, 6] children_median=18 children_mean=29.455556
ORDERING_SUMMARY label=zrugh2x@100000 scope=pair band=all order=zone_gate_composite nodes=1080 rank1=74 median=6 mean=7.178704 cdf1=74 cdf2=226 cdf4=415 cdf8=751 cdf16=1041 hist=[74, 152, 100, 89, 336, 290, 33, 6] children_median=18 children_mean=29.455556
ORDERING_SUMMARY label=zrugh2x@100000 scope=pair band=0-7 order=baseline nodes=5 rank1=0 median=2 mean=2.800000 cdf1=0 cdf2=3 cdf4=5 cdf8=5 cdf16=5 hist=[0, 3, 0, 2, 0, 0, 0, 0] children_median=5 children_mean=5.000000
ORDERING_SUMMARY label=zrugh2x@100000 scope=pair band=0-7 order=zone_bound nodes=5 rank1=0 median=2 mean=3.200000 cdf1=0 cdf2=3 cdf4=4 cdf8=5 cdf16=5 hist=[0, 3, 0, 1, 1, 0, 0, 0] children_median=5 children_mean=5.000000
ORDERING_SUMMARY label=zrugh2x@100000 scope=pair band=0-7 order=census_distance nodes=5 rank1=0 median=2 mean=2.800000 cdf1=0 cdf2=3 cdf4=5 cdf8=5 cdf16=5 hist=[0, 3, 0, 2, 0, 0, 0, 0] children_median=5 children_mean=5.000000
ORDERING_SUMMARY label=zrugh2x@100000 scope=pair band=0-7 order=gate_adjacency nodes=5 rank1=0 median=2 mean=2.800000 cdf1=0 cdf2=3 cdf4=5 cdf8=5 cdf16=5 hist=[0, 3, 0, 2, 0, 0, 0, 0] children_median=5 children_mean=5.000000
ORDERING_SUMMARY label=zrugh2x@100000 scope=pair band=0-7 order=d_stone nodes=5 rank1=0 median=2 mean=2.800000 cdf1=0 cdf2=3 cdf4=5 cdf8=5 cdf16=5 hist=[0, 3, 0, 2, 0, 0, 0, 0] children_median=5 children_mean=5.000000
ORDERING_SUMMARY label=zrugh2x@100000 scope=pair band=0-7 order=census_zone_composite nodes=5 rank1=0 median=2 mean=3.200000 cdf1=0 cdf2=3 cdf4=4 cdf8=5 cdf16=5 hist=[0, 3, 0, 1, 1, 0, 0, 0] children_median=5 children_mean=5.000000
ORDERING_SUMMARY label=zrugh2x@100000 scope=pair band=0-7 order=zone_gate_composite nodes=5 rank1=0 median=2 mean=3.200000 cdf1=0 cdf2=3 cdf4=4 cdf8=5 cdf16=5 hist=[0, 3, 0, 1, 1, 0, 0, 0] children_median=5 children_mean=5.000000
ORDERING_SUMMARY label=zrugh2x@100000 scope=pair band=8-15 order=baseline nodes=56 rank1=23 median=4 mean=7.357143 cdf1=23 cdf2=27 cdf4=35 cdf8=39 cdf16=39 hist=[23, 4, 0, 8, 4, 0, 17, 0] children_median=19 children_mean=16.267857
ORDERING_SUMMARY label=zrugh2x@100000 scope=pair band=8-15 order=zone_bound nodes=56 rank1=4 median=11 mean=10.982143 cdf1=4 cdf2=7 cdf4=15 cdf8=18 cdf16=45 hist=[4, 3, 0, 8, 3, 27, 11, 0] children_median=19 children_mean=16.267857
ORDERING_SUMMARY label=zrugh2x@100000 scope=pair band=8-15 order=census_distance nodes=56 rank1=23 median=4 mean=7.446429 cdf1=23 cdf2=26 cdf4=35 cdf8=35 cdf16=39 hist=[23, 3, 1, 8, 0, 4, 17, 0] children_median=19 children_mean=16.267857
ORDERING_SUMMARY label=zrugh2x@100000 scope=pair band=8-15 order=gate_adjacency nodes=56 rank1=23 median=4 mean=7.357143 cdf1=23 cdf2=27 cdf4=35 cdf8=39 cdf16=39 hist=[23, 4, 0, 8, 4, 0, 17, 0] children_median=19 children_mean=16.267857
ORDERING_SUMMARY label=zrugh2x@100000 scope=pair band=8-15 order=d_stone nodes=56 rank1=23 median=4 mean=7.357143 cdf1=23 cdf2=27 cdf4=35 cdf8=39 cdf16=39 hist=[23, 4, 0, 8, 4, 0, 17, 0] children_median=19 children_mean=16.267857
ORDERING_SUMMARY label=zrugh2x@100000 scope=pair band=8-15 order=census_zone_composite nodes=56 rank1=6 median=4 mean=7.517857 cdf1=6 cdf2=26 cdf4=35 cdf8=35 cdf16=45 hist=[6, 20, 1, 8, 0, 10, 11, 0] children_median=19 children_mean=16.267857
ORDERING_SUMMARY label=zrugh2x@100000 scope=pair band=8-15 order=zone_gate_composite nodes=56 rank1=3 median=11 mean=11.000000 cdf1=3 cdf2=7 cdf4=15 cdf8=18 cdf16=45 hist=[3, 4, 0, 8, 3, 27, 11, 0] children_median=19 children_mean=16.267857
ORDERING_SUMMARY label=zrugh2x@100000 scope=pair band=16plus order=baseline nodes=1019 rank1=144 median=8 mean=8.675172 cdf1=144 cdf2=149 cdf4=365 cdf8=581 cdf16=825 hist=[144, 5, 160, 56, 216, 244, 192, 2] children_median=17 children_mean=30.300294
ORDERING_SUMMARY label=zrugh2x@100000 scope=pair band=16plus order=zone_bound nodes=1019 rank1=71 median=6 mean=6.962709 cdf1=71 cdf2=248 cdf4=386 cdf8=728 cdf16=991 hist=[71, 177, 68, 70, 342, 263, 22, 6] children_median=17 children_mean=30.300294
ORDERING_SUMMARY label=zrugh2x@100000 scope=pair band=16plus order=census_distance nodes=1019 rank1=144 median=8 mean=9.010795 cdf1=144 cdf2=149 cdf4=347 cdf8=511 cdf16=817 hist=[144, 5, 160, 38, 164, 306, 200, 2] children_median=17 children_mean=30.300294
ORDERING_SUMMARY label=zrugh2x@100000 scope=pair band=16plus order=gate_adjacency nodes=1019 rank1=144 median=8 mean=8.683023 cdf1=144 cdf2=149 cdf4=365 cdf8=577 cdf16=825 hist=[144, 5, 160, 56, 212, 248, 192, 2] children_median=17 children_mean=30.300294
ORDERING_SUMMARY label=zrugh2x@100000 scope=pair band=16plus order=d_stone nodes=1019 rank1=144 median=7 mean=8.355250 cdf1=144 cdf2=149 cdf4=365 cdf8=657 cdf16=825 hist=[144, 5, 160, 56, 292, 168, 194, 0] children_median=17 children_mean=30.300294
ORDERING_SUMMARY label=zrugh2x@100000 scope=pair band=16plus order=census_zone_composite nodes=1019 rank1=101 median=6 mean=6.903827 cdf1=101 cdf2=201 cdf4=365 cdf8=727 cdf16=975 hist=[101, 100, 124, 40, 362, 248, 38, 6] children_median=17 children_mean=30.300294
ORDERING_SUMMARY label=zrugh2x@100000 scope=pair band=16plus order=zone_gate_composite nodes=1019 rank1=71 median=6 mean=6.988224 cdf1=71 cdf2=216 cdf4=396 cdf8=728 cdf16=991 hist=[71, 145, 100, 80, 332, 263, 22, 6] children_median=17 children_mean=30.300294
CLOSURE_ROW id=zrugh2x cap=100000 evaluated=0 accepted=0 retained=0 selected=0 linked=0 expanded=0 winning_choices=0 winning_rank_bins=[0, 0, 0, 0, 0, 0, 0, 0] reveal_evaluated=0 reveal_prefix=0 pair_ms=0.000 gate_ms=0.000 second_ms=0.000 eval_ms=0.000 dedup_ms=0.000 avoid_second_ms=0.000 avoid_eval_ms=0.000 avoid_dedup_ms=0.000
THRESHOLD_ROW id=zrugh2x cap=100000 visits=0 revisits=0 threshold_crosses=0 reselections=0 sibling_switches=0 residencies=0 residency_expansions=0 expansion_bins=[0, 0, 0, 0, 0, 0, 0, 0] descent_ms=0.000 state_ms=0.000
FRONTIER_CENSUS_ROW id=zrugh2x cap=100000 first_refusal=None choice_pre=[0, 0, 0, 0, 0, 0, 0, 0, 0, 0, 0, 0, 0] choice_post=[0, 0, 0, 0, 0, 0, 0, 0, 0, 0, 0, 0, 0] universal_pre=[0, 0, 0, 0, 0, 0, 0, 0, 0, 0, 0, 0, 0] universal_post=[0, 0, 0, 0, 0, 0, 0, 0, 0, 0, 0, 0, 0] unclassified_pre=0 unclassified_post=0 sentinel_inherited_hits=[0, 0] sentinel_inherited_clamps=[0, 0] sentinel_increment_hits=0 sentinel_increment_clamps=0 sentinel_sum_hits=[0, 0]
FRAGMENT_PROFILE id=zrugh2x cap=100000 lookups=0 hits=0 imports=0 store_entries=0 store_bytes=0
GEN_PROFILE pair_ms=205864 defender_ms=167741 regen_ms=37238 expand_ms=378828 refresh_ms=11196 insert_ms=2857
CORPUS id=hayes_20260712_turn16 cap=10000 status=UNKNOWN expect=WIN nodes=10000 expansions=9999 tt_entries=9983 tt_hits=300 tt_bytes_cap=1073741824 peak_tt_bytes=1572154 stage_refreshes=33 gate_evals=0 gate_dismissals=0 gate_us=0.000 seed_scans=0 seed_ms=0.000 ms=1420.3
ORDERING_SUMMARY label=hayes_20260712_turn16@10000 scope=all_choice band=all order=baseline nodes=195 rank1=57 median=3 mean=3.717949 cdf1=57 cdf2=87 cdf4=114 cdf8=191 cdf16=193 hist=[57, 30, 22, 5, 77, 2, 2, 0] children_median=7 children_mean=29.892308
ORDERING_SUMMARY label=hayes_20260712_turn16@10000 scope=all_choice band=all order=zone_bound nodes=195 rank1=57 median=3 mean=12.076923 cdf1=57 cdf2=97 cdf4=112 cdf8=127 cdf16=127 hist=[57, 40, 9, 6, 15, 0, 53, 15] children_median=7 children_mean=29.892308
ORDERING_SUMMARY label=hayes_20260712_turn16@10000 scope=all_choice band=all order=census_distance nodes=195 rank1=57 median=3 mean=4.066667 cdf1=57 cdf2=87 cdf4=114 cdf8=191 cdf16=193 hist=[57, 30, 22, 5, 77, 2, 2, 0] children_median=7 children_mean=29.892308
ORDERING_SUMMARY label=hayes_20260712_turn16@10000 scope=all_choice band=all order=gate_adjacency nodes=195 rank1=8 median=3 mean=3.974359 cdf1=8 cdf2=86 cdf4=114 cdf8=191 cdf16=193 hist=[8, 78, 23, 5, 77, 2, 2, 0] children_median=7 children_mean=29.892308
ORDERING_SUMMARY label=hayes_20260712_turn16@10000 scope=all_choice band=all order=d_stone nodes=195 rank1=57 median=3 mean=3.687179 cdf1=57 cdf2=89 cdf4=114 cdf8=191 cdf16=193 hist=[57, 32, 20, 5, 77, 2, 2, 0] children_median=7 children_mean=29.892308
ORDERING_SUMMARY label=hayes_20260712_turn16@10000 scope=all_choice band=all order=census_zone_composite nodes=195 rank1=56 median=3 mean=12.425641 cdf1=56 cdf2=96 cdf4=112 cdf8=127 cdf16=127 hist=[56, 40, 10, 6, 15, 0, 40, 28] children_median=7 children_mean=29.892308
ORDERING_SUMMARY label=hayes_20260712_turn16@10000 scope=all_choice band=all order=zone_gate_composite nodes=195 rank1=56 median=3 mean=12.425641 cdf1=56 cdf2=96 cdf4=112 cdf8=127 cdf16=127 hist=[56, 40, 10, 6, 15, 0, 40, 28] children_median=7 children_mean=29.892308
ORDERING_SUMMARY label=hayes_20260712_turn16@10000 scope=pair band=all order=baseline nodes=195 rank1=57 median=3 mean=3.717949 cdf1=57 cdf2=87 cdf4=114 cdf8=191 cdf16=193 hist=[57, 30, 22, 5, 77, 2, 2, 0] children_median=7 children_mean=29.892308
ORDERING_SUMMARY label=hayes_20260712_turn16@10000 scope=pair band=all order=zone_bound nodes=195 rank1=57 median=3 mean=12.076923 cdf1=57 cdf2=97 cdf4=112 cdf8=127 cdf16=127 hist=[57, 40, 9, 6, 15, 0, 53, 15] children_median=7 children_mean=29.892308
ORDERING_SUMMARY label=hayes_20260712_turn16@10000 scope=pair band=all order=census_distance nodes=195 rank1=57 median=3 mean=4.066667 cdf1=57 cdf2=87 cdf4=114 cdf8=191 cdf16=193 hist=[57, 30, 22, 5, 77, 2, 2, 0] children_median=7 children_mean=29.892308
ORDERING_SUMMARY label=hayes_20260712_turn16@10000 scope=pair band=all order=gate_adjacency nodes=195 rank1=8 median=3 mean=3.974359 cdf1=8 cdf2=86 cdf4=114 cdf8=191 cdf16=193 hist=[8, 78, 23, 5, 77, 2, 2, 0] children_median=7 children_mean=29.892308
ORDERING_SUMMARY label=hayes_20260712_turn16@10000 scope=pair band=all order=d_stone nodes=195 rank1=57 median=3 mean=3.687179 cdf1=57 cdf2=89 cdf4=114 cdf8=191 cdf16=193 hist=[57, 32, 20, 5, 77, 2, 2, 0] children_median=7 children_mean=29.892308
ORDERING_SUMMARY label=hayes_20260712_turn16@10000 scope=pair band=all order=census_zone_composite nodes=195 rank1=56 median=3 mean=12.425641 cdf1=56 cdf2=96 cdf4=112 cdf8=127 cdf16=127 hist=[56, 40, 10, 6, 15, 0, 40, 28] children_median=7 children_mean=29.892308
ORDERING_SUMMARY label=hayes_20260712_turn16@10000 scope=pair band=all order=zone_gate_composite nodes=195 rank1=56 median=3 mean=12.425641 cdf1=56 cdf2=96 cdf4=112 cdf8=127 cdf16=127 hist=[56, 40, 10, 6, 15, 0, 40, 28] children_median=7 children_mean=29.892308
ORDERING_SUMMARY label=hayes_20260712_turn16@10000 scope=pair band=8-15 order=baseline nodes=19 rank1=8 median=3 mean=2.631579 cdf1=8 cdf2=8 cdf4=16 cdf8=19 cdf16=19 hist=[8, 0, 6, 2, 3, 0, 0, 0] children_median=3 children_mean=3.578947
ORDERING_SUMMARY label=hayes_20260712_turn16@10000 scope=pair band=8-15 order=zone_bound nodes=19 rank1=8 median=2 mean=2.421053 cdf1=8 cdf2=10 cdf4=16 cdf8=19 cdf16=19 hist=[8, 2, 6, 0, 3, 0, 0, 0] children_median=3 children_mean=3.578947
ORDERING_SUMMARY label=hayes_20260712_turn16@10000 scope=pair band=8-15 order=census_distance nodes=19 rank1=8 median=3 mean=2.631579 cdf1=8 cdf2=8 cdf4=16 cdf8=19 cdf16=19 hist=[8, 0, 6, 2, 3, 0, 0, 0] children_median=3 children_mean=3.578947
ORDERING_SUMMARY label=hayes_20260712_turn16@10000 scope=pair band=8-15 order=gate_adjacency nodes=19 rank1=8 median=3 mean=2.631579 cdf1=8 cdf2=8 cdf4=16 cdf8=19 cdf16=19 hist=[8, 0, 6, 2, 3, 0, 0, 0] children_median=3 children_mean=3.578947
ORDERING_SUMMARY label=hayes_20260712_turn16@10000 scope=pair band=8-15 order=d_stone nodes=19 rank1=8 median=3 mean=2.631579 cdf1=8 cdf2=8 cdf4=16 cdf8=19 cdf16=19 hist=[8, 0, 6, 2, 3, 0, 0, 0] children_median=3 children_mean=3.578947
ORDERING_SUMMARY label=hayes_20260712_turn16@10000 scope=pair band=8-15 order=census_zone_composite nodes=19 rank1=8 median=2 mean=2.421053 cdf1=8 cdf2=10 cdf4=16 cdf8=19 cdf16=19 hist=[8, 2, 6, 0, 3, 0, 0, 0] children_median=3 children_mean=3.578947
ORDERING_SUMMARY label=hayes_20260712_turn16@10000 scope=pair band=8-15 order=zone_gate_composite nodes=19 rank1=8 median=2 mean=2.421053 cdf1=8 cdf2=10 cdf4=16 cdf8=19 cdf16=19 hist=[8, 2, 6, 0, 3, 0, 0, 0] children_median=3 children_mean=3.578947
ORDERING_SUMMARY label=hayes_20260712_turn16@10000 scope=pair band=16plus order=baseline nodes=176 rank1=49 median=3 mean=3.835227 cdf1=49 cdf2=79 cdf4=98 cdf8=172 cdf16=174 hist=[49, 30, 16, 3, 74, 2, 2, 0] children_median=7 children_mean=32.732955
ORDERING_SUMMARY label=hayes_20260712_turn16@10000 scope=pair band=16plus order=zone_bound nodes=176 rank1=49 median=3 mean=13.119318 cdf1=49 cdf2=87 cdf4=96 cdf8=108 cdf16=108 hist=[49, 38, 3, 6, 12, 0, 53, 15] children_median=7 children_mean=32.732955
ORDERING_SUMMARY label=hayes_20260712_turn16@10000 scope=pair band=16plus order=census_distance nodes=176 rank1=49 median=3 mean=4.221591 cdf1=49 cdf2=79 cdf4=98 cdf8=172 cdf16=174 hist=[49, 30, 16, 3, 74, 2, 2, 0] children_median=7 children_mean=32.732955
ORDERING_SUMMARY label=hayes_20260712_turn16@10000 scope=pair band=16plus order=gate_adjacency nodes=176 rank1=0 median=3 mean=4.119318 cdf1=0 cdf2=78 cdf4=98 cdf8=172 cdf16=174 hist=[0, 78, 17, 3, 74, 2, 2, 0] children_median=7 children_mean=32.732955
ORDERING_SUMMARY label=hayes_20260712_turn16@10000 scope=pair band=16plus order=d_stone nodes=176 rank1=49 median=3 mean=3.801136 cdf1=49 cdf2=81 cdf4=98 cdf8=172 cdf16=174 hist=[49, 32, 14, 3, 74, 2, 2, 0] children_median=7 children_mean=32.732955
ORDERING_SUMMARY label=hayes_20260712_turn16@10000 scope=pair band=16plus order=census_zone_composite nodes=176 rank1=48 median=3 mean=13.505682 cdf1=48 cdf2=86 cdf4=96 cdf8=108 cdf16=108 hist=[48, 38, 4, 6, 12, 0, 40, 28] children_median=7 children_mean=32.732955
ORDERING_SUMMARY label=hayes_20260712_turn16@10000 scope=pair band=16plus order=zone_gate_composite nodes=176 rank1=48 median=3 mean=13.505682 cdf1=48 cdf2=86 cdf4=96 cdf8=108 cdf16=108 hist=[48, 38, 4, 6, 12, 0, 40, 28] children_median=7 children_mean=32.732955
CLOSURE_ROW id=hayes_20260712_turn16 cap=10000 evaluated=0 accepted=0 retained=0 selected=0 linked=0 expanded=0 winning_choices=0 winning_rank_bins=[0, 0, 0, 0, 0, 0, 0, 0] reveal_evaluated=0 reveal_prefix=0 pair_ms=0.000 gate_ms=0.000 second_ms=0.000 eval_ms=0.000 dedup_ms=0.000 avoid_second_ms=0.000 avoid_eval_ms=0.000 avoid_dedup_ms=0.000
THRESHOLD_ROW id=hayes_20260712_turn16 cap=10000 visits=0 revisits=0 threshold_crosses=0 reselections=0 sibling_switches=0 residencies=0 residency_expansions=0 expansion_bins=[0, 0, 0, 0, 0, 0, 0, 0] descent_ms=0.000 state_ms=0.000
FRONTIER_CENSUS_ROW id=hayes_20260712_turn16 cap=10000 first_refusal=None choice_pre=[0, 0, 0, 0, 0, 0, 0, 0, 0, 0, 0, 0, 0] choice_post=[0, 0, 0, 0, 0, 0, 0, 0, 0, 0, 0, 0, 0] universal_pre=[0, 0, 0, 0, 0, 0, 0, 0, 0, 0, 0, 0, 0] universal_post=[0, 0, 0, 0, 0, 0, 0, 0, 0, 0, 0, 0, 0] unclassified_pre=0 unclassified_post=0 sentinel_inherited_hits=[0, 0] sentinel_inherited_clamps=[0, 0] sentinel_increment_hits=0 sentinel_increment_clamps=0 sentinel_sum_hits=[0, 0]
FRAGMENT_PROFILE id=hayes_20260712_turn16 cap=10000 lookups=0 hits=0 imports=0 store_entries=0 store_bytes=0
GEN_PROFILE pair_ms=206724 defender_ms=167989 regen_ms=37406 expand_ms=379948 refresh_ms=11232 insert_ms=2863
CORPUS id=hayes_20260712_turn16 cap=100000 status=WIN expect=WIN nodes=11664 expansions=11663 tt_entries=11647 tt_hits=323 tt_bytes_cap=1073741824 peak_tt_bytes=1840070 stage_refreshes=33 gate_evals=0 gate_dismissals=0 gate_us=0.000 seed_scans=0 seed_ms=0.000 ms=1894.3
ORDERING_SUMMARY label=hayes_20260712_turn16@100000 scope=all_choice band=all order=baseline nodes=397 rank1=93 median=4 mean=4.125945 cdf1=93 cdf2=144 cdf4=199 cdf8=391 cdf16=394 hist=[93, 51, 32, 23, 192, 3, 3, 0] children_median=10 children_mean=35.833753
ORDERING_SUMMARY label=hayes_20260712_turn16@100000 scope=all_choice band=all order=zone_bound nodes=397 rank1=94 median=5 mean=14.727960 cdf1=94 cdf2=157 cdf4=196 cdf8=235 cdf16=235 hist=[94, 63, 29, 10, 39, 0, 73, 89] children_median=10 children_mean=35.833753
ORDERING_SUMMARY label=hayes_20260712_turn16@100000 scope=all_choice band=all order=census_distance nodes=397 rank1=93 median=4 mean=4.534005 cdf1=93 cdf2=144 cdf4=199 cdf8=391 cdf16=394 hist=[93, 51, 32, 23, 192, 3, 3, 0] children_median=10 children_mean=35.833753
ORDERING_SUMMARY label=hayes_20260712_turn16@100000 scope=all_choice band=all order=gate_adjacency nodes=397 rank1=16 median=4 mean=4.352645 cdf1=16 cdf2=131 cdf4=199 cdf8=391 cdf16=394 hist=[16, 115, 45, 23, 192, 3, 3, 0] children_median=10 children_mean=35.833753
ORDERING_SUMMARY label=hayes_20260712_turn16@100000 scope=all_choice band=all order=d_stone nodes=397 rank1=93 median=4 mean=4.103275 cdf1=93 cdf2=147 cdf4=199 cdf8=391 cdf16=394 hist=[93, 54, 29, 23, 192, 3, 3, 0] children_median=10 children_mean=35.833753
ORDERING_SUMMARY label=hayes_20260712_turn16@100000 scope=all_choice band=all order=census_zone_composite nodes=397 rank1=85 median=5 mean=15.173804 cdf1=85 cdf2=148 cdf4=196 cdf8=235 cdf16=235 hist=[85, 63, 38, 10, 39, 0, 50, 112] children_median=10 children_mean=35.833753
ORDERING_SUMMARY label=hayes_20260712_turn16@100000 scope=all_choice band=all order=zone_gate_composite nodes=397 rank1=85 median=5 mean=15.173804 cdf1=85 cdf2=148 cdf4=196 cdf8=235 cdf16=235 hist=[85, 63, 38, 10, 39, 0, 50, 112] children_median=10 children_mean=35.833753
ORDERING_SUMMARY label=hayes_20260712_turn16@100000 scope=pair band=all order=baseline nodes=397 rank1=93 median=4 mean=4.125945 cdf1=93 cdf2=144 cdf4=199 cdf8=391 cdf16=394 hist=[93, 51, 32, 23, 192, 3, 3, 0] children_median=10 children_mean=35.833753
ORDERING_SUMMARY label=hayes_20260712_turn16@100000 scope=pair band=all order=zone_bound nodes=397 rank1=94 median=5 mean=14.727960 cdf1=94 cdf2=157 cdf4=196 cdf8=235 cdf16=235 hist=[94, 63, 29, 10, 39, 0, 73, 89] children_median=10 children_mean=35.833753
ORDERING_SUMMARY label=hayes_20260712_turn16@100000 scope=pair band=all order=census_distance nodes=397 rank1=93 median=4 mean=4.534005 cdf1=93 cdf2=144 cdf4=199 cdf8=391 cdf16=394 hist=[93, 51, 32, 23, 192, 3, 3, 0] children_median=10 children_mean=35.833753
ORDERING_SUMMARY label=hayes_20260712_turn16@100000 scope=pair band=all order=gate_adjacency nodes=397 rank1=16 median=4 mean=4.352645 cdf1=16 cdf2=131 cdf4=199 cdf8=391 cdf16=394 hist=[16, 115, 45, 23, 192, 3, 3, 0] children_median=10 children_mean=35.833753
ORDERING_SUMMARY label=hayes_20260712_turn16@100000 scope=pair band=all order=d_stone nodes=397 rank1=93 median=4 mean=4.103275 cdf1=93 cdf2=147 cdf4=199 cdf8=391 cdf16=394 hist=[93, 54, 29, 23, 192, 3, 3, 0] children_median=10 children_mean=35.833753
ORDERING_SUMMARY label=hayes_20260712_turn16@100000 scope=pair band=all order=census_zone_composite nodes=397 rank1=85 median=5 mean=15.173804 cdf1=85 cdf2=148 cdf4=196 cdf8=235 cdf16=235 hist=[85, 63, 38, 10, 39, 0, 50, 112] children_median=10 children_mean=35.833753
ORDERING_SUMMARY label=hayes_20260712_turn16@100000 scope=pair band=all order=zone_gate_composite nodes=397 rank1=85 median=5 mean=15.173804 cdf1=85 cdf2=148 cdf4=196 cdf8=235 cdf16=235 hist=[85, 63, 38, 10, 39, 0, 50, 112] children_median=10 children_mean=35.833753
ORDERING_SUMMARY label=hayes_20260712_turn16@100000 scope=pair band=0-7 order=baseline nodes=4 rank1=1 median=4 mean=3.250000 cdf1=1 cdf2=1 cdf4=4 cdf8=4 cdf16=4 hist=[1, 0, 0, 3, 0, 0, 0, 0] children_median=5 children_mean=4.250000
ORDERING_SUMMARY label=hayes_20260712_turn16@100000 scope=pair band=0-7 order=zone_bound nodes=4 rank1=1 median=4 mean=3.250000 cdf1=1 cdf2=1 cdf4=4 cdf8=4 cdf16=4 hist=[1, 0, 0, 3, 0, 0, 0, 0] children_median=5 children_mean=4.250000
ORDERING_SUMMARY label=hayes_20260712_turn16@100000 scope=pair band=0-7 order=census_distance nodes=4 rank1=1 median=4 mean=3.250000 cdf1=1 cdf2=1 cdf4=4 cdf8=4 cdf16=4 hist=[1, 0, 0, 3, 0, 0, 0, 0] children_median=5 children_mean=4.250000
ORDERING_SUMMARY label=hayes_20260712_turn16@100000 scope=pair band=0-7 order=gate_adjacency nodes=4 rank1=1 median=4 mean=3.250000 cdf1=1 cdf2=1 cdf4=4 cdf8=4 cdf16=4 hist=[1, 0, 0, 3, 0, 0, 0, 0] children_median=5 children_mean=4.250000
ORDERING_SUMMARY label=hayes_20260712_turn16@100000 scope=pair band=0-7 order=d_stone nodes=4 rank1=1 median=4 mean=3.250000 cdf1=1 cdf2=1 cdf4=4 cdf8=4 cdf16=4 hist=[1, 0, 0, 3, 0, 0, 0, 0] children_median=5 children_mean=4.250000
ORDERING_SUMMARY label=hayes_20260712_turn16@100000 scope=pair band=0-7 order=census_zone_composite nodes=4 rank1=1 median=4 mean=3.250000 cdf1=1 cdf2=1 cdf4=4 cdf8=4 cdf16=4 hist=[1, 0, 0, 3, 0, 0, 0, 0] children_median=5 children_mean=4.250000
ORDERING_SUMMARY label=hayes_20260712_turn16@100000 scope=pair band=0-7 order=zone_gate_composite nodes=4 rank1=1 median=4 mean=3.250000 cdf1=1 cdf2=1 cdf4=4 cdf8=4 cdf16=4 hist=[1, 0, 0, 3, 0, 0, 0, 0] children_median=5 children_mean=4.250000
ORDERING_SUMMARY label=hayes_20260712_turn16@100000 scope=pair band=8-15 order=baseline nodes=39 rank1=15 median=3 mean=2.948718 cdf1=15 cdf2=17 cdf4=30 cdf8=39 cdf16=39 hist=[15, 2, 11, 2, 9, 0, 0, 0] children_median=3 children_mean=4.000000
ORDERING_SUMMARY label=hayes_20260712_turn16@100000 scope=pair band=8-15 order=zone_bound nodes=39 rank1=12 median=3 mean=2.974359 cdf1=12 cdf2=18 cdf4=30 cdf8=39 cdf16=39 hist=[12, 6, 11, 1, 9, 0, 0, 0] children_median=3 children_mean=4.000000
ORDERING_SUMMARY label=hayes_20260712_turn16@100000 scope=pair band=8-15 order=census_distance nodes=39 rank1=15 median=3 mean=2.948718 cdf1=15 cdf2=17 cdf4=30 cdf8=39 cdf16=39 hist=[15, 2, 11, 2, 9, 0, 0, 0] children_median=3 children_mean=4.000000
ORDERING_SUMMARY label=hayes_20260712_turn16@100000 scope=pair band=8-15 order=gate_adjacency nodes=39 rank1=15 median=3 mean=2.948718 cdf1=15 cdf2=17 cdf4=30 cdf8=39 cdf16=39 hist=[15, 2, 11, 2, 9, 0, 0, 0] children_median=3 children_mean=4.000000
ORDERING_SUMMARY label=hayes_20260712_turn16@100000 scope=pair band=8-15 order=d_stone nodes=39 rank1=15 median=3 mean=2.948718 cdf1=15 cdf2=17 cdf4=30 cdf8=39 cdf16=39 hist=[15, 2, 11, 2, 9, 0, 0, 0] children_median=3 children_mean=4.000000
ORDERING_SUMMARY label=hayes_20260712_turn16@100000 scope=pair band=8-15 order=census_zone_composite nodes=39 rank1=12 median=3 mean=2.974359 cdf1=12 cdf2=18 cdf4=30 cdf8=39 cdf16=39 hist=[12, 6, 11, 1, 9, 0, 0, 0] children_median=3 children_mean=4.000000
ORDERING_SUMMARY label=hayes_20260712_turn16@100000 scope=pair band=8-15 order=zone_gate_composite nodes=39 rank1=12 median=3 mean=2.974359 cdf1=12 cdf2=18 cdf4=30 cdf8=39 cdf16=39 hist=[12, 6, 11, 1, 9, 0, 0, 0] children_median=3 children_mean=4.000000
ORDERING_SUMMARY label=hayes_20260712_turn16@100000 scope=pair band=16plus order=baseline nodes=354 rank1=77 median=5 mean=4.265537 cdf1=77 cdf2=126 cdf4=165 cdf8=348 cdf16=351 hist=[77, 49, 21, 18, 183, 3, 3, 0] children_median=10 children_mean=39.697740
ORDERING_SUMMARY label=hayes_20260712_turn16@100000 scope=pair band=16plus order=zone_bound nodes=354 rank1=81 median=6 mean=16.152542 cdf1=81 cdf2=138 cdf4=162 cdf8=192 cdf16=192 hist=[81, 57, 18, 6, 30, 0, 73, 89] children_median=10 children_mean=39.697740
ORDERING_SUMMARY label=hayes_20260712_turn16@100000 scope=pair band=16plus order=census_distance nodes=354 rank1=77 median=5 mean=4.723164 cdf1=77 cdf2=126 cdf4=165 cdf8=348 cdf16=351 hist=[77, 49, 21, 18, 183, 3, 3, 0] children_median=10 children_mean=39.697740
ORDERING_SUMMARY label=hayes_20260712_turn16@100000 scope=pair band=16plus order=gate_adjacency nodes=354 rank1=0 median=5 mean=4.519774 cdf1=0 cdf2=113 cdf4=165 cdf8=348 cdf16=351 hist=[0, 113, 34, 18, 183, 3, 3, 0] children_median=10 children_mean=39.697740
ORDERING_SUMMARY label=hayes_20260712_turn16@100000 scope=pair band=16plus order=d_stone nodes=354 rank1=77 median=5 mean=4.240113 cdf1=77 cdf2=129 cdf4=165 cdf8=348 cdf16=351 hist=[77, 52, 18, 18, 183, 3, 3, 0] children_median=10 children_mean=39.697740
ORDERING_SUMMARY label=hayes_20260712_turn16@100000 scope=pair band=16plus order=census_zone_composite nodes=354 rank1=72 median=5 mean=16.652542 cdf1=72 cdf2=129 cdf4=162 cdf8=192 cdf16=192 hist=[72, 57, 27, 6, 30, 0, 50, 112] children_median=10 children_mean=39.697740
ORDERING_SUMMARY label=hayes_20260712_turn16@100000 scope=pair band=16plus order=zone_gate_composite nodes=354 rank1=72 median=5 mean=16.652542 cdf1=72 cdf2=129 cdf4=162 cdf8=192 cdf16=192 hist=[72, 57, 27, 6, 30, 0, 50, 112] children_median=10 children_mean=39.697740
CLOSURE_ROW id=hayes_20260712_turn16 cap=100000 evaluated=0 accepted=0 retained=0 selected=0 linked=0 expanded=0 winning_choices=0 winning_rank_bins=[0, 0, 0, 0, 0, 0, 0, 0] reveal_evaluated=0 reveal_prefix=0 pair_ms=0.000 gate_ms=0.000 second_ms=0.000 eval_ms=0.000 dedup_ms=0.000 avoid_second_ms=0.000 avoid_eval_ms=0.000 avoid_dedup_ms=0.000
THRESHOLD_ROW id=hayes_20260712_turn16 cap=100000 visits=0 revisits=0 threshold_crosses=0 reselections=0 sibling_switches=0 residencies=0 residency_expansions=0 expansion_bins=[0, 0, 0, 0, 0, 0, 0, 0] descent_ms=0.000 state_ms=0.000
FRONTIER_CENSUS_ROW id=hayes_20260712_turn16 cap=100000 first_refusal=None choice_pre=[0, 0, 0, 0, 0, 0, 0, 0, 0, 0, 0, 0, 0] choice_post=[0, 0, 0, 0, 0, 0, 0, 0, 0, 0, 0, 0, 0] universal_pre=[0, 0, 0, 0, 0, 0, 0, 0, 0, 0, 0, 0, 0] universal_post=[0, 0, 0, 0, 0, 0, 0, 0, 0, 0, 0, 0, 0] unclassified_pre=0 unclassified_post=0 sentinel_inherited_hits=[0, 0] sentinel_inherited_clamps=[0, 0] sentinel_increment_hits=0 sentinel_increment_clamps=0 sentinel_sum_hits=[0, 0]
FRAGMENT_PROFILE id=hayes_20260712_turn16 cap=100000 lookups=0 hits=0 imports=0 store_entries=0 store_bytes=0
GEN_PROFILE pair_ms=207871 defender_ms=168316 regen_ms=37626 expand_ms=381439 refresh_ms=11275 insert_ms=2869
CORPUS_FRAGMENTS lookups=0 hits=0 hit_rate_pct=0.000 imports=0 max_store_entries=0 max_store_bytes=0
CLOSURE_DONE evaluated=0 accepted=0 retained=0 selected=0 linked=0 expanded=0 winning_choices=0 winning_rank_bins=[0, 0, 0, 0, 0, 0, 0, 0] reveal_evaluated=0 reveal_prefix=0 pair_ms=0.000 gate_ms=0.000 second_ms=0.000 eval_ms=0.000 dedup_ms=0.000 avoid_second_ms=0.000 avoid_eval_ms=0.000 avoid_dedup_ms=0.000 stage_refreshes=651 seed_scans=0 seed_ms=0.000
THRESHOLD_DONE visits=0 revisits=0 threshold_crosses=0 reselections=0 sibling_switches=0 residencies=0 residency_expansions=0 expansion_bins=[0, 0, 0, 0, 0, 0, 0, 0] descent_ms=0.000 state_ms=0.000
FRONTIER_CENSUS_DONE first_refusal=None choice_pre=[0, 0, 0, 0, 0, 0, 0, 0, 0, 0, 0, 0, 0] choice_post=[0, 0, 0, 0, 0, 0, 0, 0, 0, 0, 0, 0, 0] universal_pre=[0, 0, 0, 0, 0, 0, 0, 0, 0, 0, 0, 0, 0] universal_post=[0, 0, 0, 0, 0, 0, 0, 0, 0, 0, 0, 0, 0] unclassified_pre=0 unclassified_post=0 sentinel_inherited_hits=[0, 0] sentinel_inherited_clamps=[0, 0] sentinel_increment_hits=0 sentinel_increment_clamps=0 sentinel_sum_hits=[0, 0]
ORDERING_SUMMARY label=solved_win_total scope=all_choice band=all order=baseline nodes=26710 rank1=3997 median=6 mean=8.698952 cdf1=3997 cdf2=5402 cdf4=9858 cdf8=18720 cdf16=23390 hist=[3997, 1405, 3020, 1436, 8862, 4670, 2290, 1030] children_median=26 children_mean=48.118607
ORDERING_SUMMARY label=solved_win_total scope=all_choice band=all order=zone_bound nodes=26710 rank1=4309 median=4 mean=10.505241 cdf1=4309 cdf2=8994 cdf4=15640 cdf8=19413 cdf16=22037 hist=[4309, 4685, 3600, 3046, 3773, 2624, 1950, 2723] children_median=26 children_mean=48.118607
ORDERING_SUMMARY label=solved_win_total scope=all_choice band=all order=census_distance nodes=26710 rank1=4274 median=7 mean=9.123849 cdf1=4274 cdf2=5678 cdf4=9612 cdf8=16591 cdf16=23418 hist=[4274, 1404, 2739, 1195, 6979, 6827, 2262, 1030] children_median=26 children_mean=48.118607
ORDERING_SUMMARY label=solved_win_total scope=all_choice band=all order=gate_adjacency nodes=26710 rank1=4058 median=6 mean=8.712018 cdf1=4058 cdf2=5281 cdf4=9788 cdf8=18692 cdf16=23390 hist=[4058, 1223, 3026, 1481, 8904, 4698, 2290, 1030] children_median=26 children_mean=48.118607
ORDERING_SUMMARY label=solved_win_total scope=all_choice band=all order=d_stone nodes=26710 rank1=4165 median=6 mean=8.322613 cdf1=4165 cdf2=5490 cdf4=9858 cdf8=19807 cdf16=23605 hist=[4165, 1325, 2952, 1416, 9949, 3798, 2150, 955] children_median=26 children_mean=48.118607
ORDERING_SUMMARY label=solved_win_total scope=all_choice band=all order=census_zone_composite nodes=26710 rank1=4715 median=5 mean=10.544253 cdf1=4715 cdf2=8470 cdf4=12383 cdf8=19426 cdf16=22734 hist=[4715, 3755, 2526, 1387, 7043, 3308, 1273, 2703] children_median=26 children_mean=48.118607
ORDERING_SUMMARY label=solved_win_total scope=all_choice band=all order=zone_gate_composite nodes=26710 rank1=4303 median=4 mean=10.588955 cdf1=4303 cdf2=8209 cdf4=14012 cdf8=19426 cdf16=22142 hist=[4303, 3906, 3992, 1811, 5414, 2716, 1808, 2760] children_median=26 children_mean=48.118607
ORDERING_SUMMARY label=solved_win_total scope=pair band=all order=baseline nodes=26710 rank1=3997 median=6 mean=8.698952 cdf1=3997 cdf2=5402 cdf4=9858 cdf8=18720 cdf16=23390 hist=[3997, 1405, 3020, 1436, 8862, 4670, 2290, 1030] children_median=26 children_mean=48.118607
ORDERING_SUMMARY label=solved_win_total scope=pair band=all order=zone_bound nodes=26710 rank1=4309 median=4 mean=10.505241 cdf1=4309 cdf2=8994 cdf4=15640 cdf8=19413 cdf16=22037 hist=[4309, 4685, 3600, 3046, 3773, 2624, 1950, 2723] children_median=26 children_mean=48.118607
ORDERING_SUMMARY label=solved_win_total scope=pair band=all order=census_distance nodes=26710 rank1=4274 median=7 mean=9.123849 cdf1=4274 cdf2=5678 cdf4=9612 cdf8=16591 cdf16=23418 hist=[4274, 1404, 2739, 1195, 6979, 6827, 2262, 1030] children_median=26 children_mean=48.118607
ORDERING_SUMMARY label=solved_win_total scope=pair band=all order=gate_adjacency nodes=26710 rank1=4058 median=6 mean=8.712018 cdf1=4058 cdf2=5281 cdf4=9788 cdf8=18692 cdf16=23390 hist=[4058, 1223, 3026, 1481, 8904, 4698, 2290, 1030] children_median=26 children_mean=48.118607
ORDERING_SUMMARY label=solved_win_total scope=pair band=all order=d_stone nodes=26710 rank1=4165 median=6 mean=8.322613 cdf1=4165 cdf2=5490 cdf4=9858 cdf8=19807 cdf16=23605 hist=[4165, 1325, 2952, 1416, 9949, 3798, 2150, 955] children_median=26 children_mean=48.118607
ORDERING_SUMMARY label=solved_win_total scope=pair band=all order=census_zone_composite nodes=26710 rank1=4715 median=5 mean=10.544253 cdf1=4715 cdf2=8470 cdf4=12383 cdf8=19426 cdf16=22734 hist=[4715, 3755, 2526, 1387, 7043, 3308, 1273, 2703] children_median=26 children_mean=48.118607
ORDERING_SUMMARY label=solved_win_total scope=pair band=all order=zone_gate_composite nodes=26710 rank1=4303 median=4 mean=10.588955 cdf1=4303 cdf2=8209 cdf4=14012 cdf8=19426 cdf16=22142 hist=[4303, 3906, 3992, 1811, 5414, 2716, 1808, 2760] children_median=26 children_mean=48.118607
ORDERING_SUMMARY label=solved_win_total scope=pair band=0-7 order=baseline nodes=40 rank1=10 median=5 mean=10.125000 cdf1=10 cdf2=14 cdf4=19 cdf8=21 cdf16=32 hist=[10, 4, 0, 5, 2, 11, 7, 1] children_median=12 children_mean=14.550000
ORDERING_SUMMARY label=solved_win_total scope=pair band=0-7 order=zone_bound nodes=40 rank1=10 median=5 mean=10.075000 cdf1=10 cdf2=15 cdf4=19 cdf8=22 cdf16=32 hist=[10, 5, 0, 4, 3, 10, 7, 1] children_median=12 children_mean=14.550000
ORDERING_SUMMARY label=solved_win_total scope=pair band=0-7 order=census_distance nodes=40 rank1=10 median=5 mean=10.150000 cdf1=10 cdf2=14 cdf4=19 cdf8=21 cdf16=32 hist=[10, 4, 0, 5, 2, 11, 7, 1] children_median=12 children_mean=14.550000
ORDERING_SUMMARY label=solved_win_total scope=pair band=0-7 order=gate_adjacency nodes=40 rank1=10 median=5 mean=10.125000 cdf1=10 cdf2=14 cdf4=19 cdf8=21 cdf16=32 hist=[10, 4, 0, 5, 2, 11, 7, 1] children_median=12 children_mean=14.550000
ORDERING_SUMMARY label=solved_win_total scope=pair band=0-7 order=d_stone nodes=40 rank1=10 median=5 mean=9.375000 cdf1=10 cdf2=14 cdf4=19 cdf8=21 cdf16=32 hist=[10, 4, 0, 5, 2, 11, 7, 1] children_median=12 children_mean=14.550000
ORDERING_SUMMARY label=solved_win_total scope=pair band=0-7 order=census_zone_composite nodes=40 rank1=10 median=5 mean=9.475000 cdf1=10 cdf2=14 cdf4=19 cdf8=22 cdf16=32 hist=[10, 4, 1, 4, 3, 10, 7, 1] children_median=12 children_mean=14.550000
ORDERING_SUMMARY label=solved_win_total scope=pair band=0-7 order=zone_gate_composite nodes=40 rank1=10 median=5 mean=9.450000 cdf1=10 cdf2=15 cdf4=19 cdf8=22 cdf16=32 hist=[10, 5, 0, 4, 3, 10, 7, 1] children_median=12 children_mean=14.550000
ORDERING_SUMMARY label=solved_win_total scope=pair band=8-15 order=baseline nodes=387 rank1=184 median=3 mean=5.974160 cdf1=184 cdf2=193 cdf4=226 cdf8=297 cdf16=346 hist=[184, 9, 20, 13, 71, 49, 41, 0] children_median=15 children_mean=30.943152
ORDERING_SUMMARY label=solved_win_total scope=pair band=8-15 order=zone_bound nodes=387 rank1=151 median=2 mean=7.751938 cdf1=151 cdf2=205 cdf4=241 cdf8=278 cdf16=348 hist=[151, 54, 22, 14, 37, 70, 11, 28] children_median=15 children_mean=30.943152
ORDERING_SUMMARY label=solved_win_total scope=pair band=8-15 order=census_distance nodes=387 rank1=184 median=3 mean=6.343669 cdf1=184 cdf2=192 cdf4=217 cdf8=263 cdf16=346 hist=[184, 8, 12, 13, 46, 83, 41, 0] children_median=15 children_mean=30.943152
ORDERING_SUMMARY label=solved_win_total scope=pair band=8-15 order=gate_adjacency nodes=387 rank1=182 median=3 mean=5.979328 cdf1=182 cdf2=193 cdf4=226 cdf8=297 cdf16=346 hist=[182, 11, 20, 13, 71, 49, 41, 0] children_median=15 children_mean=30.943152
ORDERING_SUMMARY label=solved_win_total scope=pair band=8-15 order=d_stone nodes=387 rank1=184 median=3 mean=6.015504 cdf1=184 cdf2=193 cdf4=226 cdf8=313 cdf16=346 hist=[184, 9, 20, 13, 87, 33, 41, 0] children_median=15 children_mean=30.943152
ORDERING_SUMMARY label=solved_win_total scope=pair band=8-15 order=census_zone_composite nodes=387 rank1=162 median=2 mean=7.622739 cdf1=162 cdf2=203 cdf4=240 cdf8=295 cdf16=348 hist=[162, 41, 15, 22, 55, 53, 11, 28] children_median=15 children_mean=30.943152
ORDERING_SUMMARY label=solved_win_total scope=pair band=8-15 order=zone_gate_composite nodes=387 rank1=150 median=2 mean=7.733850 cdf1=150 cdf2=205 cdf4=241 cdf8=278 cdf16=348 hist=[150, 55, 22, 14, 37, 70, 11, 28] children_median=15 children_mean=30.943152
ORDERING_SUMMARY label=solved_win_total scope=pair band=16plus order=baseline nodes=26283 rank1=3803 median=6 mean=8.736902 cdf1=3803 cdf2=5195 cdf4=9613 cdf8=18402 cdf16=23012 hist=[3803, 1392, 3000, 1418, 8789, 4610, 2242, 1029] children_median=26 children_mean=48.422593
ORDERING_SUMMARY label=solved_win_total scope=pair band=16plus order=zone_bound nodes=26283 rank1=4148 median=4 mean=10.546437 cdf1=4148 cdf2=8774 cdf4=15380 cdf8=19113 cdf16=21657 hist=[4148, 4626, 3578, 3028, 3733, 2544, 1932, 2694] children_median=26 children_mean=48.422593
ORDERING_SUMMARY label=solved_win_total scope=pair band=16plus order=census_distance nodes=26283 rank1=4080 median=7 mean=9.163223 cdf1=4080 cdf2=5472 cdf4=9376 cdf8=16307 cdf16=23040 hist=[4080, 1392, 2727, 1177, 6931, 6733, 2214, 1029] children_median=26 children_mean=48.422593
ORDERING_SUMMARY label=solved_win_total scope=pair band=16plus order=gate_adjacency nodes=26283 rank1=3866 median=6 mean=8.750105 cdf1=3866 cdf2=5074 cdf4=9543 cdf8=18374 cdf16=23012 hist=[3866, 1208, 3006, 1463, 8831, 4638, 2242, 1029] children_median=26 children_mean=48.422593
ORDERING_SUMMARY label=solved_win_total scope=pair band=16plus order=d_stone nodes=26283 rank1=3971 median=6 mean=8.354982 cdf1=3971 cdf2=5283 cdf4=9613 cdf8=19473 cdf16=23227 hist=[3971, 1312, 2932, 1398, 9860, 3754, 2102, 954] children_median=26 children_mean=48.422593
ORDERING_SUMMARY label=solved_win_total scope=pair band=16plus order=census_zone_composite nodes=26283 rank1=4543 median=5 mean=10.588898 cdf1=4543 cdf2=8253 cdf4=12124 cdf8=19109 cdf16=22354 hist=[4543, 3710, 2510, 1361, 6985, 3245, 1255, 2674] children_median=26 children_mean=48.422593
ORDERING_SUMMARY label=solved_win_total scope=pair band=16plus order=zone_gate_composite nodes=26283 rank1=4143 median=4 mean=10.632728 cdf1=4143 cdf2=7989 cdf4=13752 cdf8=19126 cdf16=21762 hist=[4143, 3846, 3970, 1793, 5374, 2636, 1790, 2731] children_median=26 children_mean=48.422593
CORPUS_DONE failures=0 shared_fragments=off lazy_frontier=on interior_gate=on k_reply_consume=off cap_resume=off resume_wall_ms=0.000 resume_reentries=0
ok

test result: ok. 1 passed; 0 failed; 0 ignored; 0 measured; 141 filtered out; finished in 457.10s

EXIT_CODE=0
