{
  "epoch": 21,
  "selfplay_s": 372.9694582000084,
  "shuffle_s": 116.02811336517334,
  "training_s": 478.98268950000056,
  "eval_s": 173.47071051597595,
  "epoch_total_s": 1142.6796547000122,
  "pct": {
    "selfplay": 32.6,
    "shuffle": 10.2,
    "training": 41.9,
    "eval": 15.2
  }
}