{
  "meta": {
    "torch": "2.10.0+cu126",
    "gpu": "NVIDIA GeForce RTX 4070 Ti",
    "channels": 64,
    "blocks": 4,
    "batch": 256,
    "horizons": [
      1,
      4,
      8
    ],
    "clocks_before": {
      "nvidia_smi_clocks_sm_maxsm_power_temp": "2805 MHz, 3135 MHz, 110.10 W, 57"
    },
    "clocks_after": {
      "nvidia_smi_clocks_sm_maxsm_power_temp": "2790 MHz, 3135 MHz, 227.54 W, 67"
    }
  },
  "C_npz": {
    "shard": "E:\\Hexo-BotTrainer\\runs\\dense_cnn_model1_scratch_64\\shuffleddata\\1780063093843353200-epoch_000022\\train\\data00008.npz",
    "rows": 7936,
    "nbatches": 31,
    "reindex_per_batch_s": 7.732426999980817,
    "load_once_then_slice_s": 0.3351136000128463,
    "speedup_x": 23.07404712815117
  },
  "A_training": {
    "full_step_pageable_h2d_ms": 457.2246140000061,
    "gpu_step_with_sync_ms": 458.0250759999035,
    "gpu_step_no_sync_ms": 302.2158069998841,
    "gpu_step_noclip_nosync_ms": 288.25486099987756,
    "fwd_only_ms": 92.55929799983278,
    "h2d_pageable_ms": 2.1257629999308847,
    "h2d_pinned_ms": 2.2395710001001135,
    "steps_per_epoch": 390,
    "projected_epoch_train_s_full_pageable": 178.31759946000238,
    "projected_epoch_train_s_gpu_only_nosync": 117.8641647299548
  },
  "B_inference": {
    "bs256": {
      "full_policy_value_ms": 14.248368999978993,
      "trunk_only_ms": 13.784503000206314,
      "trunk_plus_policy_ms": 14.061638999846764,
      "policy_head_ms_est": 0.2771359996404499,
      "value_head_plus_overhead_ms_est": 0.18673000013222918,
      "full_us_per_state": 55.65769140616794,
      "trunk_us_per_state": 53.845714844555914
    },
    "bs1024": {
      "full_policy_value_ms": 56.87215699988883,
      "trunk_only_ms": 55.31139400001848,
      "trunk_plus_policy_ms": 56.138759999885224,
      "policy_head_ms_est": 0.8273659998667426,
      "value_head_plus_overhead_ms_est": 0.7333970000036061,
      "full_us_per_state": 55.539215820203935,
      "trunk_us_per_state": 54.01503320314305
    }
  }
}